y_true,p
0,0.22558594
0,0.0015391159
0,0.18320517
0,0.027210157
0,0.0072030276
0,0.018389927
1,0.11360586
1,0.566268
1,0.26416016
1,0.96446115
0,0.022281911
0,0.008773938
0,0.0023576808
0,0.08191918
0,0.12006348
0,0.007664867
0,0.017563134
0,0.010832748
0,0.013581566
0,0.0033799508
0,0.26611328
0,0.080454156
1,0.42822266
0,0.0052205482
0,0.200586
0,0.018419888
0,0.091907725
0,0.0060868636
0,0.011779066
0,0.011794144
0,0.02595322
0,0.039951168
0,0.04710764
0,0.002390031
0,0.104546845
0,0.098199576
0,0.08941105
0,0.20868929
0,0.15781765
0,0.032714844
0,0.014949051
1,0.0826875
0,0.05592336
0,0.04650311
0,0.017398205
0,0.06813187
0,0.18418162
0,0.020238712
0,0.06048953
0,0.0067677377
0,0.00497391
0,0.0026183252
0,0.048113007
0,0.0262186
0,0.0052041207
0,0.19472592
0,0.0026696771
0,0.032344684
0,0.02206219
0,0.012320062
0,0.010945926
0,0.011072026
0,0.04716578
1,0.34212455
1,0.08387254
0,0.0041476046
0,0.008743687
0,0.005954175
0,0.016954843
0,0.026649378
0,0.12233815
0,0.014896457
0,0.0022899527
0,0.05681333
1,0.49853516
1,0.8617112
0,0.025227012
0,0.0034996977
0,0.041562404
0,0.07470703
0,0.20136686
0,0.0048296647
0,0.026307758
0,0.0052344836
0,0.0013270489
0,0.0014457979
0,0.0030551879
0,0.004799292
0,0.015910305
0,0.013032994
0,0.051815685
0,0.05167099
0,0.044032834
0,0.20595776
0,0.1459961
0,0.01880342
0,0.0030342734
0,0.0020711357
0,0.012725442
1,0.08083028
0,0.012942613
0,0.0052648447
0,0.004231193
0,0.13427734
0,0.01243914
0,0.0036972174
0,0.0993895
0,0.16329022
0,0.0021529654
0,0.002576479
0,0.014167678
0,0.032832906
1,0.7647418
1,0.3803711
0,0.1073129
0,0.005563484
0,0.006305959
0,0.22949219
0,0.113064714
0,0.019665878
0,0.0031692518
1,0.6038565
1,0.029104283
0,0.13682412
0,0.008683179
0,0.0035092002
1,0.11376953
0,0.019486366
0,0.11317299
0,0.05517578
0,0.014821312
0,0.18759917
0,0.017802931
0,0.013784738
0,0.027817197
0,0.0032886956
0,0.09678994
0,0.057243988
0,0.0018874457
0,0.027846865
0,0.020791702
0,0.17402978
0,0.30549452
0,0.03397332
0,0.05758843
0,0.0057759364
0,0.056583043
0,0.06755355
0,0.11046015
0,0.019989625
0,0.0064045102
1,0.37548828
1,0.8442383
1,0.28271484
1,0.52258855
0,0.049316406
0,0.48229548
0,0.011922288
0,0.053710938
0,0.016263388
0,0.00872856
0,0.01117766
0,0.0039290483
0,0.031856462
0,0.070914194
0,0.08191918
0,0.014092459
0,0.009428493
0,0.006839726
0,0.12152842
0,0.033543937
0,0.0126953125
0,0.06933594
0,0.41748047
0,0.013852444
0,0.019890176
0,0.011583012
0,0.014858887
0,0.010576116
0,0.0048942007
1,0.02209203
1,0.012431603
1,0.04463032
0,0.022695707
0,0.03329163
0,0.028038524
0,0.0070291194
0,0.011590553
0,0.003260175
1,0.7470703
0,0.052763283
0,0.24062996
0,0.01308571
0,0.003680111
0,0.0066692103
0,0.0019397994
0,0.06982422
0,0.03737377
0,0.020966217
0,0.009300019
0,0.009750515
0,0.012169348
0,0.0053293556
0,0.003290597
0,0.008615098
0,0.00872856
0,0.00690034
0,0.0914195
0,0.28222656
0,0.002637345
0,0.06709811
0,0.099121094
0,0.0014219894
0,0.03346859
0,0.021275297
0,0.042392798
0,0.0037637372
0,0.044120338
0,0.007449166
0,0.015820226
0,0.015865268
0,0.010359611
0,0.050065596
0,0.018141316
0,0.06612125
0,0.039179787
0,0.008444516
0,0.048397925
0,0.010553465
0,0.019261882
0,0.003049484
0,0.01012552
0,0.0030570892
0,0.0030285693
0,0.03716814
0,0.001653359
0,0.0033951583
0,0.01711984
0,0.095325276
1,0.15147077
0,0.07688553
0,0.10053104
0,0.005541804
0,0.0221476
0,0.05376869
0,0.0026462446
0,0.15429688
0,0.007717869
0,0.84277344
0,0.15018316
0,0.007187877
0,0.12771674
0,0.035897437
0,0.014400293
0,0.08565847
0,0.02715077
0,0.010148179
0,0.023955569
0,0.025878906
0,0.09608106
0,0.06422467
0,0.056842104
0,0.049804688
0,0.12538151
0,0.027432792
0,0.02070207
0,0.0035947144
0,0.00744538
0,0.0067639486
0,0.021544095
0,0.013228765
0,0.0072939238
0,0.0059048813
0,0.017179824
0,0.014205283
1,0.23330484
1,0.036397472
0,0.012304993
0,0.0036802143
0,0.008516744
0,0.05098398
1,0.26482794
1,0.36148402
0,0.007403734
0,0.051124744
0,0.06416753
0,0.021838326
0,0.021484375
0,0.092285156
0,0.017683048
0,0.0033628417
0,0.015474773
0,0.01037471
0,0.0047689173
0,0.07068734
0,0.027417952
0,0.0024566276
0,0.06971066
0,0.025774848
0,0.0014600824
0,0.107964605
0,0.19042969
0,0.029504195
0,0.02333318
0,0.020627365
0,0.010568566
0,0.14278741
0,0.023288466
0,0.07312904
0,0.042109117
0,0.030362211
0,0.07117568
0,0.03713876
0,0.02954861
0,0.052047104
0,0.018968122
0,0.005295204
0,0.0062415116
0,0.019501328
1,0.33968255
0,0.00304378
0,0.1261899
0,0.081863135
1,0.51220703
1,0.043857776
0,0.0030761017
0,0.0034293735
0,0.006041374
0,0.004784105
0,0.021927884
0,0.028941948
0,0.029326499
0,0.013408426
0,0.0053217667
0,0.008278082
0,0.001694165
0,0.066145964
0,0.011952435
0,0.038750228
0,0.11713362
0,0.00385685
0,0.051931407
0,0.019815423
0,0.03176783
0,0.081863135
0,0.049949653
0,0.026248321
0,0.010568566
0,0.009171512
0,0.004261586
0,0.0029144732
0,0.01929182
1,0.5830078
0,0.10904986
0,0.013536405
0,0.06319067
0,0.003699212
0,0.0028612195
0,0.03932636
0,0.019770565
0,0.017548144
0,0.562149
0,0.08381662
1,0.02681092
1,0.81953603
0,0.009008322
0,0.011892139
0,0.052962545
0,0.0028326882
0,0.026944555
0,0.003081805
0,0.012454213
0,0.00794117
0,0.017698035
0,0.023038663
0,0.039297048
0,0.07063061
0,0.023109565
0,0.012431603
0,0.01207136
0,0.002191021
0,0.019710746
0,0.034950092
0,0.008361306
0,0.0046625915
0,0.013064269
0,0.04715973
0,0.07166402
0,0.091408685
1,0.015549893
0,0.0022130308
0,0.0050839637
0,0.010958821
0,0.104328185
0,0.065543756
0,0.08723521
0,0.12716623
0,0.01670659
0,0.0052800244
0,0.007240903
0,0.07551432
0,0.08127899
0,0.031990234
0,0.1459961
0,0.021883108
0,0.3439102
0,0.030347416
0,0.13731234
0,0.14990234
0,0.005605223
0,0.032315157
0,0.35595703
0,0.04305636
0,0.005533126
0,0.008660486
0,0.0027261577
0,0.0062073884
0,0.0035757127
0,0.0034673878
0,0.03326213
0,0.0098109525
0,0.044120338
0,0.007865486
0,0.0074340226
0,0.08528173
0,0.032315157
0,0.028956763
0,0.005023247
0,0.023362989
0,0.15398705
0,0.013739596
0,0.013543932
0,0.03287847
0,0.028379615
0,0.0044363067
0,0.0062301373
0,0.008187277
0,0.04357378
0,0.0033212963
0,0.084040284
0,0.14571638
0,0.122558594
0,0.0026506584
0,0.013011578
0,0.0414454
0,0.085825905
0,0.052503053
0,0.029533805
0,0.015850253
0,0.008368871
0,0.022460938
0,0.06997191
0,0.36148402
0,0.031990234
0,0.014806283
0,0.05486056
0,0.02530139
0,0.41050062
0,0.0030076536
0,0.017179824
0,0.111545034
0,0.045264475
0,0.06982422
0,0.111165375
1,0.4633789
1,0.6074219
1,0.030628596
1,0.036368076
0,0.0356151
0,0.007880623
0,0.006510009
0,0.0066995285
0,0.0026519531
0,0.008054675
0,0.0054773204
0,0.007362085
0,0.0018788782
0,0.00778979
0,0.0028935526
0,0.07942128
0,0.093528695
0,0.2055664
0,0.0048904046
0,0.026248321
0,0.0099242525
0,0.024753533
0,0.049630668
0,0.010545915
0,0.0034445797
0,0.016098268
1,0.8378906
0,0.030125447
0,0.01670659
0,0.043741032
0,0.0047157574
0,0.0033191158
0,0.04632851
0,0.59228516
0,0.0036401933
0,0.034950092
0,0.08240752
0,0.0140398
1,0.2460017
0,0.05477404
0,0.01596313
0,0.05072331
0,0.014761189
0,0.03003663
0,0.038974516
0,0.014776221
0,0.108561665
0,0.112413034
0,0.015865268
0,0.035409037
0,0.014941318
0,0.00728635
0,0.0071651493
1,0.11197901
1,0.5566406
0,0.00886468
0,0.017194819
0,0.024622425
0,0.012146737
0,0.0076459367
0,0.09315102
0,0.21259458
0,0.31689453
0,0.47106227
0,0.010394883
0,0.006102026
0,0.0045616124
0,0.26660156
0,0.03113173
0,0.08420796
1,0.8226535
1,0.17069598
0,0.013078179
0,0.020507812
0,0.009398267
0,0.004121005
0,0.015332041
0,0.1013431
0,0.0072181784
0,0.23379318
0,0.010440198
0,0.11577663
0,0.13671875
0,0.008535273
0,0.01666158
0,0.0033096096
0,0.008962966
0,0.0031350353
0,0.006381769
0,0.021040907
0,0.002277748
0,0.07942128
0,0.106554374
0,0.00797144
0,0.035732813
0,0.24542125
0,0.060718864
0,0.0056166057
0,0.0020673294
0,0.017623095
0,0.00640072
0,0.03246278
1,0.46302173
0,0.076772854
0,0.041416146
0,0.08729093
0,0.010314312
0,0.023881098
0,0.11968264
0,0.0057607642
0,0.024414062
0,0.004016432
0,0.0077557233
1,0.015144233
1,0.014400293
1,0.0174132
1,0.041074153
0,0.00143437
0,0.037109375
0,0.039091825
0,0.0023272317
0,0.0065858257
0,0.09337239
0,0.0035034986
1,0.21757169
1,0.1124672
0,0.021838326
0,0.25860807
0,0.0021929238
0,0.0029943432
0,0.0029886386
0,0.08962149
0,0.028941948
0,0.017518159
0,0.0285723
0,0.031279564
0,0.0031635491
0,0.005439385
0,0.0047765113
0,0.0168048
0,0.048397925
0,0.0071805823
0,0.071062274
0,0.20126937
0,0.0025815438
0,0.012853471
0,0.015399636
0,0.07806873
0,0.015730131
0,0.043544598
0,0.019929804
1,0.24590965
1,0.49023438
0,0.13671875
0,0.012529569
0,0.008353741
0,0.0043907333
0,0.0089900335
0,0.010201045
0,0.043857776
0,0.0039632437
0,0.004174202
0,0.0087815
0,0.0051067304
1,0.10275812
0,0.4428711
0,0.6064453
0,0.33284494
0,0.008879802
0,0.012921236
0,0.019306786
0,0.002177702
0,0.01366435
0,0.039404206
0,0.02760947
0,0.0024984838
0,0.02858712
0,0.02007934
0,0.020951277
0,0.04761905
0,0.08225531
0,0.2602539
0,0.007263627
0,0.006249094
0,0.0131233595
0,0.046613146
0,0.035009004
0,0.0018189015
1,0.6621094
0,0.0152719505
0,0.18603516
0,0.0343565
0,0.027388273
0,0.067212015
0,0.012229639
0,0.0704827
0,0.12608324
0,0.020981155
0,0.14951788
0,0.026278041
0,0.0028041555
0,0.025107987
0,0.15039062
0,0.50109893
0,0.037715122
0,0.032980442
0,0.024414062
0,0.003720025
0,0.010908203
0,0.006566873
0,0.50146484
0,0.011432148
0,0.005753178
0,0.011388862
0,0.056037113
0,0.01938162
0,0.019411549
0,0.02209203
0,0.029563414
0,0.030894805
0,0.005034632
0,0.09282881
0,0.13601954
0,0.011854451
0,0.12293981
0,0.0087890625
0,0.045578044
0,0.008255383
0,0.2830281
1,0.74188036
0,0.0853934
0,0.121308275
0,0.0053938585
0,0.024104472
0,0.018719392
0,0.002608815
0,0.037909772
0,0.01287606
0,0.010704448
0,0.010576116
0,0.032344684
0,0.0269594
1,0.39501953
0,0.036709286
0,0.0022663279
0,0.014370207
0,0.009516251
0,0.17753358
0,0.01243914
1,0.17041016
0,0.002661467
0,0.023761922
0,0.060718864
0,0.021544095
0,0.037568286
1,0.09624657
1,0.19834004
0,0.22782184
0,0.2677569
0,0.06092052
0,0.0047537293
1,0.89941406
0,0.040527344
0,0.025908634
0,0.026900014
0,0.0024984838
0,0.014858887
0,0.007880623
0,0.019351687
0,0.04336945
0,0.00542421
0,0.0016438398
0,0.030584214
0,0.0656578
0,0.00491318
0,0.0028631215
0,0.031102158
0,0.010014874
0,0.02653058
0,0.037715122
0,0.08441678
0,0.04296875
0,0.21493958
0,0.16611741
0,0.0028155688
0,0.0068132053
0,0.24151404
0,0.31298828
0,0.037715122
0,0.06422467
0,0.043632146
0,0.074912995
0,0.04454282
0,0.010523263
0,0.010659159
0,0.06241416
0,0.02836479
0,0.28466797
0,0.18086405
1,0.12586986
0,0.008535273
0,0.044062003
0,0.046554934
0,0.0022606177
0,0.014986417
0,0.026974246
0,0.026352331
0,0.01621836
0,0.054228082
1,0.15995117
1,0.09575832
1,0.1261899
1,0.34749696
0,0.029237624
0,0.008361306
0,0.027684987
0,0.018419888
0,0.025613645
0,0.0053521222
0,0.0061437194
0,0.012778164
0,0.007081807
0,0.063362226
0,0.021957733
0,0.063362226
0,0.018156298
0,0.029947976
0,0.16092797
0,0.03162007
0,0.010802563
0,0.0030456814
0,0.10129363
0,0.097766384
0,0.05368206
0,0.01308571
0,0.0129878055
0,0.006862457
0,0.016045392
0,0.0020768452
0,0.035332885
0,0.09863281
0,0.12293981
0,0.01879424
0,0.021230483
0,0.07059613
0,0.03622105
1,0.9189453
1,0.07823752
0,0.021484375
0,0.0048030885
0,0.0045388318
0,0.019042969
0,0.1612352
0,0.024280068
0,0.0124768205
0,0.00517123
0,0.01652653
0,0.00820998
0,0.01012552
0,0.036756624
0,0.0059731323
0,0.0028498073
1,0.29721814
0,0.047648117
0,0.006934432
0,0.21777344
0,0.008020758
0,0.09461604
0,0.02744763
0,0.1640625
0,0.38085938
0,0.014190241
0,0.0033267206
0,0.0048904046
0,0.002916375
0,0.011469868
1,0.5479854
0,0.077261075
0,0.061494797
0,0.02226699
0,0.008285649
0,0.030243844
0,0.025968082
1,0.2913309
0,0.186722
0,0.03693303
0,0.04753768
0,0.005046017
0,0.011831837
0,0.00266337
0,0.008149437
0,0.00813033
1,0.073843524
0,0.0048904046
0,0.004375541
0,0.0052572545
0,0.008262949
0,0.0021643825
0,0.033661917
0,0.24853516
0,0.06755355
0,0.015106662
0,0.14902966
0,0.10720391
0,0.0107421875
0,0.1772461
0,0.004295775
1,0.061666615
1,0.922307
0,0.03088002
0,0.09553751
0,0.0044401046
0,0.006136139
0,0.035421178
0,0.010802563
0,0.008599968
0,0.47460938
0,0.03463851
0,0.014009706
0,0.01957613
0,0.01284594
0,0.009463337
0,0.0028117644
0,0.0179765
0,0.10107422
0,0.00789576
0,0.021115586
0,0.18759917
0,0.05592336
0,0.1930681
0,0.03748016
0,0.07990965
0,0.04081072
1,0.66243595
1,0.41225287
1,0.050007626
0,0.0047537293
0,0.008978085
0,0.004202546
0,0.01567006
0,0.07117568
0,0.011492498
1,0.8219646
1,0.10047613
0,0.011914751
0,0.02642661
0,0.008826872
0,0.010825203
0,0.06764347
0,0.008448641
0,0.008391566
0,0.0029315893
0,0.017239802
0,0.03539175
0,0.00778222
0,0.081318684
0,0.05721522
0,0.0062604677
0,0.0025593592
0,0.013581566
0,0.022833697
0,0.023079742
0,0.2800977
0,0.13916016
0,0.005794901
0,0.012506963
0,0.42333984
0,0.0046777823
0,0.007536126
0,0.0095540425
0,0.004654996
1,0.011079571
0,0.11653447
0,0.0053938585
0,0.03656229
0,0.0058366205
0,0.055002745
0,0.00941338
0,0.006045165
0,0.018614586
0,0.01606824
0,0.0031236294
1,0.050495803
0,0.007467955
0,0.1551703
0,0.055146948
0,0.0056431643
1,0.11892552
1,0.090709314
0,0.009750515
0,0.092994876
1,0.119140625
0,0.020213885
0,0.0041455794
0,0.069222316
0,0.0034065635
0,0.007865486
0,0.090875804
0,0.011763988
0,0.04015623
0,0.11604908
0,0.068359375
0,0.00847891
0,0.05121162
0,0.27294922
0,0.008758812
0,0.2019536
0,0.019815423
0,0.25274727
0,0.005249664
0,0.005004272
0,0.14052008
0,0.03958009
1,0.004043024
0,0.0031917186
0,0.14962168
0,0.033543937
0,0.007187877
0,0.014197761
1,0.83095324
1,0.03829138
0,0.03340961
0,0.0068965517
0,0.012665181
0,0.004183558
0,0.017368212
0,0.0030780027
0,0.0048068855
0,0.010352062
0,0.0012803951
1,0.41455078
1,0.603663
0,0.014190241
0,0.06218344
0,0.36132812
0,0.084040284
0,0.090010375
0,0.0039594444
1,0.18115234
0,0.006782894
0,0.014896457
0,0.007240903
0,0.0728105
0,0.08881158
1,0.72931415
1,0.71306473
0,0.0024528222
0,0.026766367
0,0.034002807
0,0.00941338
0,0.013296513
0,0.01133607
0,0.03207887
0,0.04308556
0,0.01010286
1,0.064510226
0,0.0031540447
0,0.018644534
0,0.012154275
0,0.024488488
0,0.00546594
0,0.056037113
0,0.015076604
0,0.08702551
0,0.011011653
0,0.077204764
0,0.006862457
0,0.023940675
0,0.026248321
0,0.03958009
0,0.039863255
0,0.0038074455
0,0.0096900705
0,0.014678507
0,0.04920034
0,0.12483975
0,0.007763294
0,0.051757812
0,0.009083906
0,0.065372646
1,0.045038447
1,0.35546875
0,0.016586557
0,0.006071701
0,0.01523439
0,0.033543937
0,0.0035358062
0,0.1500061
0,0.0030875087
0,0.005355917
0,0.408547
0,0.13905506
0,0.017299771
0,0.022017425
0,0.0023146824
0,0.0068056276
0,0.0060072546
0,0.017653072
0,0.0058517903
0,0.0011575508
0,0.009428493
0,0.0099242525
0,0.0037238265
0,0.010042428
0,0.012815818
0,0.045497544
1,0.009466273
1,0.7722724
1,0.19921875
1,0.043486223
1,0.18837748
1,0.8812939
1,0.65185547
1,0.18007569
0,0.037109375
0,0.014723608
0,0.024473604
0,0.014317551
0,0.091796875
0,0.02287467
0,0.02684062
1,0.096514255
0,0.0058328277
0,0.005563484
0,0.014738641
0,0.13145368
0,0.0031274315
0,0.017518159
0,0.0027527923
0,0.052018184
0,0.123749085
0,0.0704827
0,0.004329962
0,0.27978516
0,0.063964844
0,0.0035072998
0,0.01352135
0,0.00640072
1,0.13601954
1,0.058019646
1,0.64746094
0,0.0029658196
0,0.03040659
1,0.03452065
1,0.25567767
1,0.5336914
1,0.93844795
1,0.62875277
0,0.0046299472
0,0.013717024
0,0.0046094204
0,0.002253807
0,0.0027128395
0,0.00639693
0,0.054285802
0,0.041533157
0,0.015933093
0,0.007676225
0,0.2996337
0,0.013934464
0,0.008902485
0,0.016541537
0,0.043202344
0,0.05856502
0,0.020109244
0,0.044316933
0,0.010545915
0,0.14268278
0,0.51708984
0,0.11746032
0,0.02026862
0,0.020791702
0,0.01808139
0,0.13867188
1,0.6866911
0,0.008637792
0,0.17354162
0,0.0062453025
0,0.20019531
0,0.016984846
0,0.046073105
0,0.0045828326
0,0.023646072
0,0.036015138
0,0.0091639515
0,0.010719544
0,0.15321694
0,0.024175825
0,0.06011596
0,0.03182692
0,0.09282881
0,0.05411262
1,0.0396094
0,0.012717909
0,0.0046436028
0,0.011892139
0,0.35546875
0,0.027536651
0,0.21230619
0,0.0373444
1,0.01926744
1,0.47314453
1,0.025182381
1,0.30402932
0,0.007676225
0,0.13417165
0,0.097546086
0,0.019216973
0,0.22753906
0,0.03102822
0,0.1636763
0,0.19667928
0,0.0097354045
0,0.0038644504
0,0.0025054144
0,0.056640625
0,0.018434867
0,0.0046625915
0,0.0050839637
0,0.07671651
0,0.015775181
0,0.055721696
0,0.01413007
0,0.013040526
0,0.012093974
0,0.0032281745
0,0.08030266
0,0.017164828
0,0.011522671
0,0.10530493
0,0.056957196
0,0.053049263
0,0.1659138
0,0.023955569
0,0.0024471143
0,0.016241299
0,0.16064453
0,0.01617333
0,0.034120735
0,0.053624295
0,0.20156269
0,0.3798828
0,0.01793154
0,0.12125465
0,0.030021967
0,0.048485033
1,0.9315269
0,0.019102838
1,0.16552734
0,0.022002503
0,0.10535954
0,0.13780056
0,0.1459961
0,0.15468197
0,0.007487023
0,0.34732732
0,0.025819447
0,0.054141488
0,0.4825482
0,0.16855852
0,0.01028411
0,0.00563937
0,0.016586557
0,0.043202344
0,0.035244577
0,0.04894422
0,0.030184649
0,0.3569336
0,0.0073734443
0,0.009720294
0,0.011006277
0,0.049258377
0,0.014152635
0,0.0017598699
0,0.0103369625
0,0.0028098621
0,0.0017836738
0,0.33398438
0,0.07990965
0,0.13058336
0,0.114474006
0,0.003013358
0,0.037597656
0,0.04296875
0,0.048281755
0,0.005242074
1,0.50878906
0,0.0043565505
0,0.034150213
0,0.4959707
0,0.010306762
0,0.041308194
0,0.0016381282
0,0.006101214
1,0.38686845
1,0.10530493
0,0.0035187025
0,0.056065924
0,0.024473604
0,0.0027889374
0,0.013296513
0,0.020876572
0,0.044462755
0,0.13378906
0,0.007051497
0,0.004432509
0,0.17899878
0,0.21991701
0,0.006377979
0,0.0018112849
0,0.02568796
0,0.011492498
0,0.026114563
0,0.072753906
1,0.21465202
1,0.043231536
1,0.025494713
0,0.00780493
0,0.0092622265
0,0.035791658
0,0.019869976
0,0.014701058
0,0.021603808
0,0.03667989
0,0.08441678
0,0.005129496
1,0.4981694
0,0.050955024
0,0.005908673
0,0.04259734
0,0.011613179
0,0.0037485335
0,0.0035529095
0,0.0035983713
0,0.023940675
0,0.07324219
0,0.013453599
0,0.003659202
0,0.013604145
0,0.003826448
0,0.021648588
0,0.018255083
0,0.0051560546
0,0.087946296
0,0.19550891
1,0.21396314
1,0.06473854
1,0.4658203
1,0.5546875
0,0.004352752
0,0.14725275
0,0.004231193
0,0.012770632
0,0.0067184763
0,0.01199765
0,0.012770632
0,0.09808949
0,0.0034996977
1,0.21553303
0,0.018509759
0,0.017593116
0,0.0036211838
0,0.021678438
0,0.0032224727
0,0.017608106
0,0.0036021734
0,0.046962254
0,0.008622663
0,0.012823349
0,0.2815629
0,0.028793775
0,0.028897502
0,0.023821514
0,0.016631573
0,0.041474655
0,0.10753082
0,0.014430378
0,0.061723877
0,0.0018284221
0,0.0014019895
0,0.0100375265
0,0.013161006
0,0.042050656
0,0.005412828
0,0.008796625
0,0.13546498
0,0.052965585
0,0.0103369625
0,0.05072331
0,0.045322753
0,0.07496948
0,0.2947497
0,0.12266569
0,0.0034027619
0,0.0023462626
0,0.00321644
1,0.73339844
1,0.6586914
0,0.01913277
0,0.010659159
0,0.12565637
0,0.30842492
0,0.06749664
0,0.004172165
0,0.0141451135
0,0.07014224
1,0.23583984
0,0.022431105
0,0.010238804
0,0.030539708
0,0.07508241
0,0.07481997
0,0.01387501
0,0.007680011
0,0.120771766
0,0.12977658
0,0.14725275
0,0.008441073
0,0.082351506
0,0.025717685
0,0.0052610496
0,0.018824175
1,0.35253906
1,0.068847656
0,0.04736328
0,0.062614426
0,0.056352645
0,0.001813189
0,0.003803645
0,0.004704365
0,0.048456
1,0.88953984
1,0.021215543
0,0.0024851663
0,0.00405442
0,0.022371434
0,0.074912995
0,0.05715768
0,0.2783203
0,0.2788086
0,0.035274014
0,0.002086361
0,0.0035225034
0,0.14257812
0,0.027492143
0,0.33870575
0,0.054456655
0,0.03506791
0,0.103515625
0,0.005889713
0,0.109375
0,0.16845703
1,0.2196313
0,0.0041455794
0,0.07237886
0,0.07866952
0,0.0022842456
0,0.02798035
0,0.0018350864
0,0.0044704843
0,0.01580521
0,0.023735432
0,0.009969565
0,0.029903375
1,0.5385742
1,0.47558594
0,0.006976097
0,0.0019740644
0,0.004424914
1,0.58251953
0,0.015775181
0,0.6435547
0,0.06106381
0,0.0039366474
0,0.024902344
0,0.037909772
0,0.013777215
0,0.01954621
0,0.051526252
0,0.005980715
0,0.4267578
0,0.01287606
0,0.010817656
0,0.31510863
0,0.816207
0,0.032492295
0,0.04610221
0,0.0029601147
0,0.0945055
0,0.017299771
0,0.011937361
0,0.0077065118
0,0.015865268
0,0.043486223
0,0.04997864
0,0.017134836
1,0.8364258
1,0.021215543
0,0.03848619
0,0.0356151
0,0.023139386
0,0.029519001
0,0.0077670794
0,0.025346009
0,0.062873885
0,0.12705968
0,0.328289
0,0.025908634
0,0.012619982
0,0.0014572255
1,0.04934542
1,0.17685829
0,0.21161826
0,0.0345038
0,0.15917969
0,0.0054545593
0,0.012672714
0,0.0044476995
0,0.02805336
0,0.044659484
0,0.033085093
0,0.060546875
0,0.058909714
0,0.0079563055
0,0.0016160699
0,0.102917835
0,0.020019531
0,0.028793775
0,0.0037732394
0,0.003720025
1,0.24765043
0,0.12293981
0,0.07594628
0,0.016128294
0,0.049002256
0,0.014235364
0,0.042655762
0,0.008932726
0,0.039033175
0,0.016954843
0,0.10622711
0,0.40234375
0,0.0042691836
0,0.015948111
0,0.018374946
1,0.08886719
1,0.046816822
0,0.020522758
0,0.0041341856
0,0.006820783
0,0.13661335
0,0.015301997
0,0.05011904
0,0.115830585
0,0.03162007
0,0.1155043
0,0.031072585
0,0.0071348445
0,0.00685488
0,0.100097656
0,0.14979856
0,0.1363359
0,0.13438301
0,0.058191366
0,0.04452107
0,0.11604908
0,0.06683758
0,0.0024376009
0,0.013957038
0,0.022550426
0,0.044433594
0,0.004451497
0,0.0094360495
0,0.3330078
0,0.0845844
0,0.0013772266
0,0.055262275
0,0.018953152
0,0.0025821857
0,0.016871586
0,0.03647407
0,0.00630975
1,0.56347656
1,0.6972656
1,0.21660562
0,0.09928602
0,0.02034338
0,0.0032924982
0,0.25616607
0,0.002587892
0,0.01833
0,0.018809209
0,0.014220323
0,0.0019816784
0,0.011238012
0,0.0029753277
0,0.1319419
0,0.030214246
0,0.028971577
0,0.015309471
0,0.013701974
0,0.009466273
0,0.031279564
0,0.05879481
0,0.014964077
0,0.012252247
0,0.009458717
0,0.008547009
1,0.95735264
1,0.6894531
0,0.05575051
0,0.031072585
0,0.052705467
0,0.006060329
0,0.019057937
0,0.002887847
0,0.003948046
0,0.0036763093
0,0.011892139
0,0.041132674
0,0.016113281
0,0.15077524
0,0.0030894098
0,0.14041515
0,0.024622425
0,0.028261002
0,0.016984846
0,0.007634578
0,0.08941105
0,0.097821444
0,0.009269785
0,0.014092459
0,0.004704365
0,0.05359541
0,0.009818506
0,0.032832906
0,0.0018712624
0,0.02922281
0,0.21025641
0,0.10552335
0,0.006033792
0,0.037597656
0,0.0610065
0,0.011877065
0,0.04365346
1,0.671711
1,0.15702076
1,0.23456188
1,0.41992188
0,0.12586986
0,0.21728516
0,0.02416093
0,0.0027794258
0,0.0032639778
0,0.05586575
0,0.01284594
0,0.20683761
0,0.32731268
0,0.743959
0,0.06014464
0,0.21015377
0,0.022237146
0,0.07324219
0,0.004920772
0,0.073617384
0,0.022669718
0,0.01588028
0,0.024131142
0,0.22998047
0,0.0024414062
0,0.26367188
0,0.103839815
0,0.0012600621
0,0.015444723
0,0.007498379
0,0.31201172
0,0.009894041
0,0.011560385
0,0.03678603
0,0.024131142
0,0.002228259
0,0.0068927635
1,0.8609449
1,0.034726884
1,0.04489273
0,0.020746889
0,0.007346939
0,0.09722307
0,0.07215236
0,0.012252247
1,0.1419851
1,0.15370528
0,0.0054545593
0,0.19580078
1,0.05856502
0,0.38720703
0,0.06385057
0,0.04586932
0,0.005901089
0,0.0035736568
0,0.0035584474
0,0.034609046
1,0.6539683
0,0.19042969
0,0.018599613
0,0.019192629
0,0.020771965
0,0.100311376
0,0.03966801
0,0.008255383
0,0.025331136
1,0.9148716
0,0.009946909
0,0.09423828
0,0.027225003
0,0.028867867
0,0.26611328
1,0.757905
1,0.6228948
0,0.017728008
0,0.68196243
0,0.05104189
0,0.02984437
0,0.016976556
0,0.05135251
0,0.017149832
0,0.5390625
0,0.048682965
0,0.014212803
0,0.010105479
0,0.005359711
1,0.20751953
0,0.06482725
0,0.0064386195
0,0.018096372
0,0.02979996
0,0.3439102
0,0.007661081
0,0.17392896
0,0.050491482
0,0.29638672
0,0.011268185
0,0.005897297
0,0.07128906
0,0.018156298
0,0.01638344
1,0.7669962
0,0.002511801
0,0.0013118155
0,0.00813033
0,0.010425094
0,0.031990234
0,0.008683179
0,0.0024299899
0,0.0050308374
0,0.005627988
0,0.07063061
0,0.058047976
0,0.016301362
0,0.030643389
0,0.014054846
0,0.03142735
0,0.004299574
0,0.010583666
0,0.007857917
0,0.03083566
0,0.015790196
0,0.0017314103
0,0.010976103
1,0.93500155
1,0.32796094
0,0.081863135
0,0.1261899
0,0.016946567
0,0.003345732
0,0.02963709
0,0.05121162
0,0.007638364
0,0.027314067
0,0.117729634
0,0.08565847
0,0.015745148
0,0.0032034658
0,0.012320062
0,0.008205973
0,0.046153847
0,0.012921236
0,0.021544095
0,0.04351541
0,0.002198632
0,0.044375267
0,0.035009004
0,0.0059465915
0,0.00390625
0,0.06801807
0,0.006150512
0,0.011613179
0,0.020109244
0,0.49169922
0,0.10867045
0,0.0546298
0,0.0042729825
0,0.016293403
0,0.007051842
1,0.5961914
0,0.01989989
1,0.30371094
0,0.03162007
0,0.012191959
0,0.0038758507
0,0.04509672
0,0.0064992523
0,0.0036384163
0,0.023631176
0,0.03207887
0,0.055548772
0,0.013634248
0,0.004008834
0,0.06761045
0,0.008436952
0,0.0052534593
0,0.008300781
0,0.0123954015
1,0.9290858
0,0.051699933
0,0.088113256
1,0.12911887
0,0.009546485
0,0.049688682
0,0.049688682
0,0.020109244
0,0.036856238
0,0.006745002
0,0.0021168098
0,0.035791658
0,0.004149378
0,0.0071651493
0,0.0033172145
0,0.004288178
1,0.05037991
1,0.96117216
0,0.012484357
0,0.020846687
0,0.001907436
0,0.025227012
0,0.015099147
0,0.0063476562
0,0.0015076944
0,0.011658426
1,0.8948557
0,0.43359375
0,0.024753533
0,0.04704949
0,0.13535945
0,0.005317972
0,0.021200605
0,0.12109375
0,0.01172629
0,0.0068056276
0,0.050177023
0,0.004588188
0,0.05758843
0,0.049258377
0,0.01879424
0,0.03564453
0,0.005181347
0,0.025968082
0,0.035038456
0,0.008978085
0,0.111490816
0,0.03125
0,0.042451248
0,0.109266266
0,0.2791209
0,0.11724138
1,0.17089844
1,0.046875
0,0.015534869
0,0.048485033
0,0.019869976
0,0.007850347
0,0.15799756
0,0.004689175
0,0.08616061
0,0.01913277
0,0.003742832
0,0.017074846
0,0.07731739
0,0.062385544
1,0.062356927
0,0.0023862252
0,0.0048220716
0,0.013927662
0,0.004639805
0,0.025227012
0,0.044120338
0,0.0017465391
0,0.058507554
0,0.08073473
0,0.018983092
0,0.0022396802
0,0.0031616483
0,0.0044552945
0,0.012146737
0,0.018884042
0,0.013566513
0,0.022993943
0,0.3310547
0,0.039033175
0,0.009428493
0,0.05951291
0,0.21035282
0,0.13905506
0,0.0029315893
0,0.014588293
1,0.90538394
0,0.04357378
0,0.08360796
0,0.00385305
0,0.11485414
0,0.002889749
0,0.022162525
0,0.0070329066
0,0.004160771
0,0.015189313
0,0.035585668
0,0.0958135
0,0.055002745
0,0.025435237
0,0.010966368
0,0.0022214637
0,0.022699537
0,0.019147735
0,0.03630927
0,0.0051219077
0,0.010878023
0,0.0021111008
0,0.022311755
0,0.064396024
0,0.018434867
0,0.12608324
0,0.0284982
0,0.017398205
0,0.03182692
0,0.030539708
0,0.01413007
0,0.012665181
0,0.0095313685
0,0.005011862
0,0.01010286
0,0.0022796511
0,0.0025403365
1,0.19746156
1,0.0054317974
1,0.009209312
0,0.0064120903
0,0.06988099
0,0.034179688
0,0.022580251
0,0.005068785
0,0.010117967
0,0.0054469723
0,0.004421116
0,0.203125
0,0.02805336
0,0.07123238
0,0.14453125
0,0.1981443
0,0.002291071
0,0.010140626
0,0.034579583
0,0.36214897
0,0.0032867943
0,0.022520598
0,0.026751515
0,0.0012442116
0,0.025197258
0,0.07557075
1,0.4886447
0,0.023940675
0,0.0069117043
0,0.007880623
0,0.08154297
0,0.5361328
0,0.06967663
0,0.08858905
0,0.0040354263
0,0.0015657749
0,0.055721696
0,0.029593019
0,0.0024185735
0,0.008940286
0,0.0065251733
0,0.028941948
0,0.013641774
0,0.010022424
0,0.004689175
0,0.1276102
0,0.079270154
0,0.01621836
0,0.025065983
0,0.011613179
0,0.074594066
0,0.017224807
0,0.0038074455
0,0.08387254
0,0.0031008166
0,0.21249847
0,0.50634766
0,0.44908425
0,0.2835165
0,0.015685078
0,0.0032734848
0,0.27929688
0,0.0064537786
0,0.07373047
0,0.12841797
0,0.020746889
0,0.09363936
0,0.0040582186
0,0.025849178
0,0.007918466
0,0.024738649
0,0.023467302
0,0.1508789
0,0.057789713
0,0.020298526
0,0.1018914
0,0.012402935
0,0.2796486
0,0.0017789131
0,0.0016228968
0,0.034726884
0,0.0021796047
0,0.021857508
0,0.08159903
0,0.0026785918
0,0.73406595
0,0.015196826
0,0.012304993
0,0.0029449014
0,0.014813798
0,0.011419025
0,0.029356118
0,0.0045464253
0,0.16465275
0,0.059254512
0,0.037744485
0,0.093528695
1,0.6495727
0,0.036903635
0,0.034550115
0,0.2911887
0,0.07444472
0,0.0059390077
0,0.014610847
0,0.15858869
0,0.015970347
0,0.109483704
0,0.0132438205
0,0.0036820115
0,0.017458186
0,0.0038435494
0,0.0017094017
0,0.0013381748
0,0.0051067304
0,0.013987827
0,0.0015733916
0,0.064021975
0,0.046904087
0,0.1941392
0,0.025182381
0,0.114311874
0,0.10850726
0,0.06385057
0,0.09305022
0,0.012763101
0,0.0047005676
0,0.0068132053
0,0.102429494
0,0.015579937
0,0.008293215
0,0.013453599
0,0.06511259
0,0.16835551
0,0.01300405
0,0.018389927
1,0.03201978
0,0.16670735
1,0.6928711
0,0.12559502
0,0.1275479
0,0.060403503
0,0.04810745
0,0.027832031
0,0.0533671
0,0.4038086
0,0.006503042
0,0.017518159
0,0.11376953
0,0.034950092
0,0.25274727
0,0.031516
0,0.012604914
0,0.0075020413
0,0.093528695
0,0.09201855
0,0.1251068
0,0.0029772292
0,0.04425859
0,0.0031939622
0,0.005889713
0,0.009569159
0,0.010193493
0,0.004654996
1,0.44273505
0,0.027492143
0,0.06971066
0,0.056640625
0,0.005306588
0,0.0120336665
0,0.0028783374
0,0.04742142
0,0.034550115
0,0.017871587
0,0.008645358
0,0.018848343
0,0.22011964
0,0.044062003
0,0.094837055
0,0.042451248
0,0.029193182
0,0.00782007
0,0.03622105
1,0.6748047
1,0.24258332
0,0.0028574155
0,0.28271484
0,0.06965387
0,0.0026734807
0,0.0263969
0,0.014212803
0,0.009405823
0,0.009546485
0,0.049630668
0,0.016203351
0,0.030894805
0,0.013859966
0,0.15966797
0,0.053913042
0,0.025122868
0,0.107964605
0,0.044032834
0,0.032521814
0,0.010930837
0,0.08274347
0,0.35824177
0,0.1742156
0,0.18955205
0,0.03386831
0,0.025197258
0,0.012356232
0,0.18174051
0,0.0028098621
0,0.08067863
0,0.038945183
0,0.011419025
0,0.010014874
0,0.00941338
0,0.0028650234
0,0.014107504
0,0.012552174
0,0.010072645
0,0.034785792
0,0.0042083976
0,0.01800647
1,0.16719551
1,0.25665447
1,0.2109375
1,0.5470086
0,0.13780056
0,0.038974516
0,0.008796625
0,0.0074945935
0,0.016676584
0,0.0022804409
0,0.011779066
0,0.0061133974
0,0.0025625124
0,0.0036593156
0,0.017293222
0,0.011215381
0,0.013183594
0,0.017383208
0,0.023098283
0,0.009478456
0,0.071459085
0,0.013371778
0,0.039355665
0,0.010150774
0,0.028645555
0,0.037538912
0,0.003256372
0,0.0033818516
0,0.048857152
0,0.46240234
0,0.017623095
1,0.0370506
1,0.058076724
0,0.0020825546
0,0.0032468648
1,0.029459776
0,0.0037675381
0,0.012680247
0,0.017916553
0,0.14697266
0,0.0044970647
0,0.03980464
0,0.04279348
0,0.011937361
0,0.061408862
0,0.020034485
0,0.057100132
0,0.030998642
0,0.044062003
0,0.03452065
0,0.04652583
0,0.021055844
0,0.018749332
0,0.001793195
0,0.045555793
0,0.022774074
0,0.012402935
0,0.008194845
0,0.0034065635
0,0.002828884
0,0.049630668
0,0.007475666
0,0.0077443672
0,0.025078226
0,0.026456319
0,0.030421384
0,0.014655955
0,0.0033913564
0,0.009292461
0,0.028305486
0,0.01308571
0,0.09044306
0,0.018908236
0,0.021972656
0,0.04761905
0,0.013296513
0,0.016098268
0,0.004402127
0,0.0023481657
0,0.0065106205
0,0.008834435
0,0.013251348
0,0.012282388
1,0.13888212
1,0.7570208
0,0.05477404
0,0.03667989
0,0.04810745
1,0.57910156
1,0.8536198
0,0.009126148
0,0.03891585
0,0.015422183
0,0.039374884
0,0.00471196
0,0.004605622
0,0.046299405
0,0.011059078
0,0.5024414
0,0.022341594
1,0.46923828
0,0.015166773
0,0.011343611
0,0.001653359
0,0.0020844578
0,0.01173383
0,0.002046394
0,0.0037637372
0,0.015039029
0,0.015226877
0,0.24258332
0,0.35986328
0,0.06353372
0,0.26837608
0,0.015294486
0,0.00886468
0,0.024324737
0,0.034609046
0,0.010477956
0,0.0037029195
0,0.048653927
0,0.046357617
0,0.020208804
0,0.010253906
0,0.08051029
0,0.025048465
0,0.010583666
0,0.030051434
0,0.104546845
0,0.0263969
0,0.010306762
0,0.018255083
0,0.18017578
0,0.10720391
0,0.054947067
0,0.02728438
0,0.010561015
0,0.08355203
1,0.23828125
0,0.04920034
0,0.0033571385
0,0.053107068
0,0.008471343
0,0.014002868
0,0.0057835225
0,0.005340739
0,0.09603417
0,0.0066047776
0,0.0049473415
0,0.008361306
0,0.0033514353
0,0.007918466
0,0.06008728
0,0.0054431786
0,0.02067219
0,0.019680835
0,0.058938436
0,0.0026862028
0,0.0058821286
0,0.014160156
0,0.027566323
0,0.005095347
0,0.004299574
0,0.09472656
0,0.11892552
0,0.031013431
0,0.06944953
0,0.047648117
0,0.0025974025
0,0.22442003
0,0.0053293556
0,0.07688553
0,0.016616568
0,0.0033459992
0,0.014370207
0,0.51721615
1,0.42578125
0,0.00789576
0,0.024518255
0,0.18144079
0,0.09690017
0,0.077204764
0,0.0055103567
1,0.11669922
0,0.066088974
0,0.059915148
0,0.0106667075
0,0.035850495
0,0.00630975
0,0.007369658
0,0.0023786135
0,0.074105725
0,0.045154992
0,0.00870587
0,0.041132674
0,0.005629033
0,0.014768705
0,0.010900659
0,0.0021377422
1,0.33317062
0,0.039492156
0,0.08203125
0,0.0058783363
0,0.003330523
0,0.31754944
1,0.030539708
1,0.42466423
0,0.02249077
0,0.0030228652
0,0.035274014
0,0.016999848
0,0.028379615
0,0.021529166
0,0.013168536
0,0.016954843
0,0.011884602
0,0.014520621
0,0.0037296072
0,0.17148785
0,0.018734362
1,0.19912098
1,0.22998047
0,0.016999848
0,0.061380215
1,0.7739258
0,0.027388273
0,0.047246978
0,0.017518159
0,0.0387985
0,0.008202413
0,0.026974246
0,0.1274414
0,0.03882784
0,0.040898547
0,0.15604396
0,0.01560998
0,0.06910867
0,0.04810745
0,0.019276852
0,0.021957733
0,0.01078747
0,0.005920049
0,0.06560078
0,0.0014934113
0,0.01793154
0,0.044805273
0,0.004670187
0,0.04951945
0,0.10015258
0,0.0031388374
0,0.30600291
0,0.091364056
0,0.019680835
0,0.0052989987
0,0.03750954
0,0.009750515
0,0.017428197
0,0.023362989
0,0.0052762297
0,0.012951353
0,0.0043603485
0,0.050897107
0,0.20820113
0,0.020283572
0,0.15712367
0,0.013641774
0,0.066634126
0,0.060863197
0,0.005087758
0,0.23251556
0,0.0020654262
0,0.0050649904
0,0.14376374
0,0.008652922
0,0.17763399
0,0.25665447
0,0.070573874
0,0.02734375
0,0.047938727
0,0.011268185
0,0.01311583
0,0.014490542
0,0.07990965
0,0.15702076
0,0.0077557233
0,0.010981464
0,0.023213932
0,0.0033913564
0,0.0041341856
1,0.21405907
0,0.01567006
0,0.0103369625
0,0.008516744
0,0.0063021686
0,0.011643345
0,0.12011719
0,0.0018807821
0,0.29296875
0,0.015685078
0,0.005348328
0,0.031338684
0,0.017209813
0,0.052188244
0,0.008660486
1,0.18681319
1,0.10221517
0,0.07622826
1,0.0049245674
1,0.6951428
1,0.70100075
1,0.3232422
1,0.019072905
0,0.0034654872
0,0.004825868
0,0.21308275
0,0.03196068
1,0.57714844
0,0.0041113966
0,0.004459092
0,0.018584639
0,0.0028726314
0,0.0038131464
0,0.016083255
0,0.017428197
0,0.0037884424
0,0.011403943
0,0.074912995
0,0.0031540447
0,0.002247294
0,0.0040468224
1,0.33154297
0,0.008841996
0,0.038056582
0,0.042735044
0,0.018359965
0,0.0025441411
0,0.043945312
0,0.02210695
0,0.0024870688
0,0.0030684967
0,0.016999848
1,0.21084116
1,0.8042974
0,0.003435076
0,0.15966797
0,0.019192629
0,0.037656393
0,0.0122145675
0,0.039374884
0,0.0058821286
0,0.009182149
0,0.05394191
0,0.009795844
0,0.010840295
0,0.0090580955
0,0.003284893
0,0.038857177
0,0.0036211838
0,0.0062528853
0,0.008758812
1,0.12629652
1,0.17793508
0,0.034120735
0,0.008293215
0,0.045468416
0,0.036426872
0,0.019486366
0,0.0031768552
0,0.002889749
0,0.0021130037
0,0.010870477
1,0.0051901992
1,0.027165618
0,0.054372367
0,0.020936336
0,0.20449273
0,0.023705646
0,0.05787595
0,0.014475501
0,0.087081224
0,0.05021048
0,0.048653927
0,0.10628167
0,0.005458353
0,0.0050498117
0,0.006816994
0,0.011552842
0,0.10178179
0,0.011846913
0,0.0031749543
0,0.52978516
0,0.0373444
0,0.018404908
0,0.03176783
0,0.0021719937
0,0.012514498
0,0.19580078
0,0.0038397491
0,0.0077065118
1,0.43847656
1,0.73712474
0,0.029903576
0,0.14355469
0,0.0031711527
0,0.04457199
0,0.0051029357
0,0.002163536
0,0.0065592914
1,0.1680703
1,0.6274414
0,0.011230469
0,0.032285627
0,0.77197266
0,0.1941392
0,0.011500042
0,0.02102597
0,0.108561665
1,0.16621919
1,0.3408203
0,0.05822043
0,0.033691406
0,0.09386061
0,0.03539175
0,0.011877065
0,0.09386061
0,0.0656578
0,0.009818506
0,0.004670187
0,0.010367161
0,0.12065914
0,0.041758243
0,0.0025650659
0,0.040322334
0,0.20771296
0,0.032744363
0,0.0113964025
0,0.019606048
0,0.007055629
0,0.002906866
0,0.040898547
0,0.014017908
0,0.113064714
0,0.0028212753
0,0.0074680946
0,0.0023500687
0,0.002887847
0,0.016586557
0,0.04228446
0,0.038515534
0,0.01583524
0,0.014543179
0,0.0021815074
0,0.0054090344
0,0.0095540425
0,0.072209
0,0.11539635
0,0.013649299
0,0.03429757
0,0.115830585
0,0.009201752
0,0.004405925
0,0.0045502223
0,0.023895994
0,0.228233
0,0.028409265
0,0.024015136
0,0.07307246
0,0.0026291187
0,0.010404906
0,0.0038682506
1,0.20712803
0,0.026337475
0,0.0056962776
0,0.0018864938
0,0.008592403
0,0.012522033
0,0.007910898
0,0.49951172
0,0.016631573
0,0.0031749543
0,0.0068965517
1,0.3875458
1,0.06117963
0,0.011155026
0,0.34830365
0,0.032403734
0,0.11729525
0,0.023362989
0,0.031886004
0,0.021883108
0,0.19687538
0,0.053739816
0,0.052130386
0,0.0043413574
0,0.0040278286
0,0.0054166224
0,0.044462755
0,0.009780735
0,0.011469868
0,0.04328991
1,0.8248077
0,0.017029848
0,0.015294441
0,0.17841007
0,0.022774074
0,0.0053103827
0,0.053422064
0,0.15321694
0,0.015549893
0,0.059627708
0,0.032285627
0,0.015377105
0,0.04015623
0,0.011598095
0,0.058047976
0,0.03966801
0,0.020552648
0,0.047188815
0,0.0056811026
0,0.0061133974
0,0.0080319755
0,0.1263582
0,0.1156147
0,0.03829138
0,0.0038340488
0,0.0124768205
0,0.023806617
0,0.15938492
0,0.1340005
0,0.016646577
0,0.020507812
0,0.1042226
0,0.0024832636
0,0.017254794
1,0.085825905
1,0.0703125
0,0.004825868
0,0.06324787
0,0.016083255
0,0.052531973
0,0.027388273
0,0.006960946
0,0.0028935526
0,0.06531559
0,0.048712
0,0.009652289
0,0.010976103
1,0.025241889
0,0.019028
0,0.0618113
0,0.24560547
0,0.11995605
0,0.05408375
0,0.0035586103
0,0.0046436028
0,0.009788289
0,0.01824617
0,0.027165618
0,0.009946909
0,0.0038910506
0,0.0109232925
0,0.069018126
0,0.003780841
0,0.14766903
0,0.021249982
1,0.85135466
0,0.011185205
0,0.0052724346
0,0.07508241
0,0.011982579
0,0.011356698
0,0.049142297
0,0.17470394
0,0.14512388
0,0.07157239
0,0.062154822
0,0.007172725
0,0.024164023
0,0.0065219877
0,0.21601172
0,0.048083965
0,0.090121426
0,0.016541537
0,0.018344983
0,0.011786605
0,0.0059048813
0,0.014182719
0,0.059886456
0,0.0056697214
0,0.014701058
1,0.547497
1,0.44873047
1,0.42055163
1,0.05465865
1,0.5722656
1,0.59404004
0,0.0052724346
0,0.0017693916
0,0.009179072
0,0.007093497
0,0.0031996644
0,0.0777493
0,0.33870575
0,0.02285976
0,0.00950405
0,0.009516251
0,0.0065144096
0,0.005791108
0,0.0590246
0,0.044863578
0,0.07198241
1,0.6827839
1,0.061408862
0,0.0063400753
0,0.021484375
0,0.051728874
0,0.04417867
0,0.004466687
0,0.004069614
0,0.0045106583
0,0.033543937
0,0.009871382
0,0.002286148
0,0.015301997
0,0.01747318
0,0.0035776128
0,0.097766384
0,0.27148438
0,0.019989625
0,0.009742959
0,0.017698035
0,0.024592664
0,0.23214068
0,0.067700386
0,0.056784548
0,0.029000549
0,0.30549452
0,0.0053103827
0,0.006018628
1,0.0726407
0,0.022949219
0,0.035097357
0,0.00950405
0,0.16483517
0,0.01887829
0,0.0046853777
0,0.095214844
0,0.041015625
0,0.0037884424
0,0.02836479
0,0.00339896
1,0.023098283
1,0.0984127
1,0.011620721
0,0.06971066
0,0.041533157
0,0.0023671957
0,0.004299574
0,0.030998642
0,0.0026354431
1,0.9141741
1,0.78408396
0,0.004092405
1,0.84814453
0,0.003967043
0,0.005374888
0,0.004001236
0,0.037997864
0,0.002769914
0,0.003152144
0,0.065055534
0,0.0075399126
0,0.014625884
0,0.04742142
0,0.045009308
0,0.12998901
0,0.08653729
0,0.06761045
0,0.004286085
0,0.022774074
1,0.09461604
0,0.109266266
1,0.17822266
0,0.010299211
0,0.0028421988
0,0.001367702
0,0.0027584997
0,0.03182692
1,0.1442519
1,0.5966797
0,0.022296833
0,0.008384001
0,0.053164866
0,0.012327597
0,0.036962427
0,0.0073128585
0,0.0029772292
0,0.002846003
0,0.029400546
0,0.0546875
0,0.0634194
0,0.024946978
0,0.12998901
0,0.018509759
0,0.12011719
0,0.0143100275
0,0.0079638725
0,0.011801683
0,0.06520147
1,0.8962149
1,0.15370528
0,0.007585354
0,0.0024147679
0,0.002169247
0,0.016766595
0,0.05078125
0,0.007403734
0,0.010208597
0,0.16776557
0,0.004837258
0,0.038027223
0,0.60757023
0,0.0234971
0,0.045410156
0,0.041132674
0,0.03748016
0,0.016098268
1,0.7480469
0,0.20087923
0,0.080078125
0,0.04420783
0,0.13378906
0,0.0064537786
0,0.047677185
0,0.03125
0,0.35351562
0,0.0414454
0,0.00550008
0,0.20429583
0,0.6508789
0,0.03955078
0,0.0034502817
0,0.024473604
0,0.012312528
0,0.0034787916
0,0.005080169
0,0.0019550286
0,0.022964127
0,0.004673985
0,0.0019588359
0,0.030436175
0,0.016781595
0,0.012229639
1,0.6303711
1,0.69709545
0,0.0017284469
0,0.0019036283
0,0.42075703
0,0.1261899
0,0.08208728
0,0.077693015
0,0.05394191
0,0.013400897
0,0.056583043
0,0.058708653
0,0.03567396
0,0.045468416
0,0.0035966146
0,0.013446071
0,0.0037067207
0,0.022699537
0,0.015211852
0,0.048281755
0,0.02605724
0,0.07887668
0,0.029400546
0,0.014212803
0,0.066634126
0,0.010696901
0,0.011763988
0,0.008043468
0,0.36865234
0,0.003940447
0,0.15732943
0,0.07697943
0,0.0141451135
0,0.008081317
0,0.046247713
0,0.19912098
0,0.0040506213
0,0.51428574
0,0.036903635
0,0.10774678
0,0.23028083
0,0.0024623354
0,0.010193493
0,0.08843455
0,0.023407698
0,0.0028650234
1,0.82529604
1,0.9116211
0,0.0027604022
0,0.019486366
0,0.024030026
0,0.004519847
0,0.08674684
0,0.030273438
0,0.0033723467
0,0.04308556
0,0.19004028
0,0.058651205
0,0.05158415
0,0.0145582175
0,0.006745002
0,0.020358332
0,0.070857495
0,0.0033780497
0,0.031279564
0,0.0345038
0,0.13563667
0,0.008179709
0,0.01926744
0,0.12201673
0,0.00460717
0,0.052332856
1,0.26482794
1,0.75479066
0,0.028985728
0,0.05506043
0,0.011605637
0,0.021827666
0,0.071062274
0,0.006608568
0,0.008531876
0,0.002731865
0,0.021633662
0,0.0034673878
0,0.087834954
0,0.061092462
0,0.039433524
0,0.03397332
0,0.01800647
0,0.026337475
0,0.049891673
0,0.024116246
0,0.09337239
0,0.005317972
0,0.01065161
0,0.005791108
0,0.00744538
0,0.02866038
1,0.5185547
0,0.0066995285
0,0.78359574
0,0.0062945867
0,0.06298828
0,0.045009308
0,0.0055900454
0,0.011162571
0,0.08024654
0,0.09038755
0,0.027639149
0,0.03716814
0,0.18359375
0,0.014430378
0,0.16524287
1,0.19443427
0,0.0057721436
0,0.0024318928
0,0.017149832
0,0.006287005
0,0.17333984
0,0.24676593
0,0.3359375
0,0.0053027933
0,0.034815244
0,0.009856275
0,0.016864821
0,0.16200708
0,0.05107084
1,0.57714844
0,0.011192748
0,0.042196795
0,0.01207136
0,0.07111898
0,0.028882684
0,0.026278041
0,0.057703458
0,0.013288986
0,0.018554688
0,0.15928231
0,0.020567592
0,0.04974669
0,0.095703125
0,0.0047195544
0,0.027964342
0,0.017074846
0,0.015925316
0,0.17402978
0,0.10753082
0,0.021260358
0,0.032521814
0,0.06571481
0,0.03682685
0,0.019621007
0,0.004867628
0,0.01303416
0,0.016616568
0,0.0047195544
0,0.0031464412
0,0.054314658
0,0.00663889
0,0.020109244
0,0.0049017924
0,0.008486477
1,0.31721613
1,0.150598
0,0.005631782
0,0.0050611957
0,0.012282388
0,0.003476891
0,0.10096447
0,0.033144113
0,0.062212054
1,0.24179177
1,0.48095703
0,0.0060982355
0,0.025685636
0,0.0035793602
1,0.43345544
1,0.06657717
0,0.11990232
0,0.01630841
0,0.13699634
0,0.18359375
0,0.088700324
0,0.0022891676
0,0.008758812
0,0.0069420077
0,0.016766595
0,0.018186256
1,0.79589844
0,0.037109375
0,0.01366435
0,0.011462324
0,0.020328429
0,0.0055076666
0,0.04296875
0,0.0373444
0,0.2722833
0,0.007604287
0,0.053508744
0,0.023642719
0,0.008736123
0,0.06971066
0,0.05569288
0,0.0032015652
0,0.04159165
0,0.07496948
0,0.02367586
0,0.0022880503
0,0.33496094
0,0.025241889
0,0.06634927
0,0.016421463
0,0.0095993895
0,0.09592385
0,0.019321755
0,0.09765625
0,0.0018998208
0,0.008315913
0,0.21249847
0,0.02067219
0,0.0044932677
0,0.076341
1,0.008368871
1,0.07887668
0,0.09347335
0,0.22577496
0,0.009292461
0,0.014175199
0,0.032921433
0,0.0041873557
0,0.2072248
0,0.043202344
0,0.017871587
0,0.07286708
0,0.38867188
0,0.009591832
0,0.010636512
0,0.012199495
0,0.1484375
0,0.011230469
0,0.0046777823
0,0.0048942007
0,0.013717024
0,0.3173828
0,0.12911887
0,0.0064651472
0,0.51171875
0,0.014746157
0,0.019561172
0,0.3934066
0,0.01933672
0,0.026278041
0,0.006775316
0,0.006979884
0,0.05477404
0,0.0061171874
1,0.89990234
0,0.026352331
0,0.015076604
0,0.008187277
0,0.034920637
0,0.0055152527
0,0.024503373
0,0.0063514467
0,0.0035358062
0,0.016038211
1,0.5024414
1,0.85410815
1,0.77255523
1,0.4556993
0,0.043348283
1,0.06247139
0,0.08826761
0,0.039863255
0,0.0022785384
0,0.20156269
0,0.19189453
0,0.0041531757
0,0.0038435494
0,0.024041764
0,0.006976097
0,0.0049359547
0,0.0033533364
0,0.002219561
0,0.029104283
0,0.017892826
0,0.002403351
0,0.0039746417
0,0.019680835
0,0.04474696
0,0.018824175
0,0.043741032
0,0.035038456
0,0.03854488
0,0.007888192
0,0.0014667483
0,0.18271695
0,0.06700842
1,0.20117188
1,0.8799365
1,0.5541992
0,0.040869273
0,0.0057607642
0,0.02287467
0,0.0031920613
0,0.008448641
0,0.12646484
0,0.114041515
0,0.005118113
0,0.017877845
0,0.004867628
0,0.009481384
0,0.01621836
0,0.031990234
0,0.016451485
0,0.04509672
0,0.017278222
0,0.0035662113
0,0.08251953
0,0.00913371
0,0.033085093
0,0.0018607908
0,0.017398205
0,0.050177023
0,0.06089186
0,0.15342365
0,0.02113052
0,0.0030247665
0,0.047589976
0,0.012755569
0,0.036621094
0,0.01652653
0,0.016053226
0,0.04342784
0,0.13846155
0,0.007880623
0,0.023199024
0,0.06347656
0,0.008539443
0,0.06347656
0,0.0515552
0,0.052188244
0,0.024607545
0,0.011439691
0,0.00568869
0,0.1069881
0,0.018923208
0,0.094183
0,0.032685325
0,0.006851092
0,0.030243844
0,0.030954272
0,0.012048745
0,0.015519846
0,0.0066275196
0,0.02240127
0,0.47265625
0,0.027462468
0,0.020522758
0,0.029045643
0,0.083496094
0,0.013168536
0,0.0025060936
0,0.01831502
0,0.0021130037
0,0.009637175
0,0.0039290483
0,0.0025403365
0,0.002828884
0,0.0038739508
0,0.0044552945
0,0.013935183
0,0.0036802143
0,0.07074407
0,0.104710765
0,0.016646577
0,0.0040506213
0,0.008955406
1,0.7446289
1,0.01366435
0,0.00664268
0,0.0066654203
0,0.03003663
0,0.006574454
0,0.0020939733
0,0.0019702574
0,0.0026081863
0,0.006930644
0,0.01596313
0,0.0123336185
1,0.03125
1,0.067700386
0,0.0017074972
1,0.10574166
0,0.12521358
0,0.014858887
0,0.090875804
0,0.2761905
0,0.024131142
0,0.09542707
0,0.0032509814
0,0.041728992
0,0.029696323
0,0.014475501
0,0.002846003
0,0.029755548
0,0.014580774
0,0.03750954
0,0.07850079
0,0.004508456
0,0.0018046203
0,0.049403436
0,0.026307758
0,0.15938492
0,0.009380176
1,0.036756624
1,0.6920635
0,0.07324219
0,0.0041531757
0,0.021215543
0,0.02207711
0,0.022475854
0,0.012267318
0,0.54833984
0,0.037432503
0,0.085337564
0,0.125
0,0.007040481
0,0.13839395
0,0.039179787
0,0.002156771
0,0.17069598
0,0.22100122
0,0.025110602
0,0.0040886067
0,0.039414275
0,0.078125
0,0.029385738
0,0.021205187
0,0.06520147
0,0.10747635
0,0.058880955
1,0.13807838
1,0.7548828
1,0.16737883
1,0.33251953
0,0.23828125
0,0.31591797
0,0.24951172
0,0.004257787
0,0.011605637
0,0.011975043
0,0.005791108
0,0.004421116
0,0.11349768
0,0.5673828
0,0.14658855
0,0.013213708
1,0.18339439
0,0.21786891
0,0.012619982
0,0.051327433
0,0.010352062
0,0.09282881
0,0.020373281
0,0.15506716
0,0.0042273942
0,0.07806873
0,0.054026004
0,0.0027128395
0,0.0075474866
0,0.0037656378
0,0.035838574
0,0.04788062
0,0.0057986937
0,0.048770066
0,0.08203125
1,0.21689247
1,0.82714844
0,0.0038796507
0,0.032891925
0,0.07097089
0,0.010674256
0,0.022296833
0,0.0056697214
0,0.0234971
0,0.018186256
0,0.007396162
0,0.022296833
0,0.007263627
0,0.021335043
0,0.0018845899
0,0.0052433084
0,0.007354512
0,0.01957613
0,0.023646072
0,0.04279348
0,0.022639897
0,0.006574454
0,0.008645358
0,0.21347491
0,0.18418162
0,0.012154275
0,0.039179787
0,0.043916136
0,0.0029220805
0,0.02367586
0,0.089188695
0,0.021220118
0,0.032256097
0,0.01596313
0,0.06092052
0,0.0044401046
0,0.02651573
0,0.03466797
0,0.0061656795
0,0.0122145675
0,0.0037694385
0,0.0052762297
0,0.0055065616
0,0.004299574
0,0.0073166452
0,0.023660967
0,0.0067715268
0,0.053910494
0,0.003649816
0,0.041796327
0,0.5678711
0,0.004825868
0,0.010097928
0,0.009569159
0,0.015918074
1,0.3720703
0,0.012035328
0,0.097766384
0,0.024280068
0,0.0034977973
0,0.0057986937
0,0.006279423
0,0.009508692
0,0.0065555004
0,0.003284893
0,0.022252068
0,0.11469206
0,0.042881124
0,0.021469444
0,0.016060399
0,0.6064453
0,0.07508241
0,0.061121114
0,0.08544922
0,0.002046394
0,0.019351687
0,0.027683668
0,0.009383153
1,0.89567184
0,0.01596313
0,0.061523438
0,0.008978085
0,0.006355237
1,0.15342365
1,0.10867045
0,0.08436088
0,0.05158415
0,0.050177023
0,0.02130517
1,0.07742998
1,0.48828125
1,0.66780573
1,0.17812233
0,0.0074718804
0,0.0021396452
0,0.054543234
0,0.26123047
0,0.045723703
0,0.052159317
0,0.0030589905
0,0.032744363
0,0.0443461
0,0.010757282
0,0.007808715
0,0.012943824
0,0.030450968
0,0.012237175
0,0.006722266
0,0.03469743
0,0.025080856
0,0.026382044
1,0.023038663
1,0.77255523
0,0.2685547
0,0.01445294
0,0.04914732
0,0.0043869354
0,0.010389809
0,0.03113173
0,0.03287847
0,0.0037086215
0,0.003493996
0,0.0067715268
0,0.06678061
0,0.01606824
0,0.0044476995
0,0.014776221
0,0.035868004
0,0.0035491087
0,0.007702726
0,0.02007934
0,0.08105469
0,0.007979007
0,0.0042253304
0,0.12771674
1,0.050955024
0,0.034209162
0,0.034091257
0,0.026573256
0,0.07215236
0,0.011884602
0,0.0035434077
0,0.0043907333
0,0.011417058
0,0.2290039
0,0.03595629
0,0.010674256
0,0.050032053
0,0.08556084
0,0.0826875
0,0.011598095
0,0.025554182
0,0.14718087
0,0.029933177
0,0.047479555
0,0.002933491
0,0.5727539
0,0.0040772115
0,0.029888775
0,0.035097357
0,0.08659303
0,0.0023120064
0,0.0414454
0,0.0035092002
0,0.033720896
0,0.021484375
0,0.057358284
0,0.01392014
0,0.31330892
0,0.05974248
0,0.018126335
0,0.087890625
0,0.023407698
0,0.18046398
0,0.07068734
0,0.004020231
0,0.06390771
0,0.021394782
0,0.0695631
0,0.14529915
0,0.14111328
0,0.026116671
0,0.00797144
1,0.057847206
1,0.09163055
0,0.005412828
0,0.23730469
0,0.002017844
0,0.008084938
0,0.07172069
0,0.115234375
1,0.7216797
0,0.07496948
0,0.021125901
0,0.008516744
0,0.019028
0,0.009156391
0,0.069222316
0,0.031338684
0,0.091796875
0,0.007562634
0,0.30744812
0,0.012431603
0,0.00769894
0,0.05796217
0,0.0490893
0,0.007513403
0,0.008542837
0,0.0021053916
0,0.002361487
0,0.007948738
0,0.049717687
0,0.012567243
1,0.9077703
1,0.6749695
0,0.053739816
0,0.050491482
0,0.0021730545
0,0.0060868636
0,0.0035187025
0,0.19335938
0,0.049002256
0,0.04753768
0,0.061752502
0,0.039091825
0,0.06634927
0,0.45054945
0,0.059857756
0,0.007604287
0,0.01171875
0,0.026411755
0,0.23291016
0,0.03564453
0,0.09793154
0,0.0018655506
0,0.0018903015
0,0.00794117
0,0.033026066
0,0.018704422
0,0.04225524
0,0.030717349
0,0.034150213
0,0.01732322
0,0.0156024685
0,0.034209162
0,0.036815435
1,0.8788526
0,0.1956044
0,0.42905983
0,0.2303748
0,0.030954272
0,0.028838232
0,0.012063822
0,0.018998062
0,0.011275729
1,0.1828167
0,0.036103398
0,0.010412456
0,0.0041628033
0,0.109971926
0,0.11534236
0,0.10590246
0,0.032226562
0,0.0032734848
0,0.035038456
0,0.0081227645
0,0.043661326
0,0.013754644
0,0.10595703
0,0.1442519
0,0.062040344
0,0.016053226
0,0.07157239
0,0.09814453
0,0.010457746
0,0.010465294
0,0.015459748
0,0.052936688
0,0.0235269
0,0.0058745444
0,0.0074605234
0,0.013979611
0,0.020981155
0,0.01617333
0,0.015730131
0,0.024280068
0,0.02750698
0,0.06704115
0,0.04400366
0,0.15506716
0,0.0031768552
1,0.17608298
0,0.48339844
0,0.10595703
0,0.09185231
0,0.0034445797
0,0.016691588
0,0.087834954
0,0.02707653
0,0.005631782
0,0.09613624
0,0.023895994
0,0.0017960514
0,0.087834954
0,0.0396094
0,0.018156298
0,0.017982705
0,0.019177664
0,0.009337809
0,0.10986328
0,0.004966319
0,0.0051826118
0,0.008126731
0,0.0066313096
0,0.014918998
0,0.0016476475
0,0.011139936
0,0.039267734
1,0.08496094
1,0.34179688
0,0.0064417645
0,0.007842778
0,0.031146515
0,0.005859375
0,0.031886004
0,0.0145582175
0,0.028646389
0,0.05158415
0,0.023362989
0,0.0695631
0,0.03630927
0,0.018051423
0,0.07352492
0,0.03154555
0,0.011434107
0,0.008285649
0,0.009111026
0,0.012012722
0,0.012732973
0,0.011877065
0,0.006487262
0,0.017149832
1,0.8137662
0,0.019057937
0,0.07097089
0,0.0042329254
0,0.010840295
0,0.19834004
1,0.19521426
1,0.9450818
0,0.0030475827
0,0.013281459
0,0.004375541
0,0.0024737509
0,0.02728438
0,0.0045942273
0,0.007082137
0,0.029607823
0,0.024753533
0,0.015948111
0,0.01541467
0,0.026456319
0,0.0021320335
0,0.002332941
0,0.036162227
0,0.1050351
0,0.12022458
0,0.15311356
0,0.00778979
0,0.04425859
0,0.006132349
0,0.0026519531
0,0.010568566
0,0.0023405533
0,0.01730822
0,0.0032145386
0,0.0071765133
0,0.31933594
0,0.12413035
0,0.041132674
1,0.53466797
0,0.55322266
0,0.053078167
0,0.02102597
0,0.011049386
0,0.02605724
0,0.009954461
0,0.03539175
0,0.008395664
0,0.00866805
0,0.006995034
0,0.06749664
0,0.036650494
0,0.030391797
0,0.028112695
0,0.010223701
0,0.009705182
0,0.045009308
0,0.030613802
0,0.005095347
0,0.007910898
0,0.005677309
0,0.021160388
1,0.010576116
1,0.04092782
1,0.29003906
0,0.030140247
0,0.038632896
0,0.0845844
0,0.029385738
0,0.07829377
1,0.16318808
0,0.0043033725
0,0.0060262103
0,0.012514498
0,0.06896131
0,0.010246355
0,0.029622624
0,0.16894531
0,0.013641774
0,0.2957265
0,0.04400366
0,0.39404297
0,0.0060110455
0,0.016098268
0,0.042021424
0,0.018359965
0,0.016391441
0,0.004742338
0,0.010862932
0,0.064021975
0,0.015594958
0,0.004466687
0,0.04997864
0,0.05138533
0,0.023660967
0,0.052792188
0,0.0051105246
0,0.011500042
0,0.014175199
0,0.04859585
0,0.014378227
0,0.050897107
0,0.011552842
0,0.005178818
0,0.15039062
0,0.006102026
0,0.06066154
0,0.0022804409
0,0.0048448504
0,0.041386887
0,0.061523438
0,0.006832149
0,0.006881399
0,0.079589844
0,0.20976801
0,0.034773316
0,0.0069571584
0,0.002625313
1,0.08637002
0,0.33789062
0,0.04279348
0,0.0046929726
0,0.0018541268
0,0.024917223
0,0.04745049
0,0.0036363914
0,0.07942128
0,0.01980047
0,0.037792295
0,0.021040907
0,0.011567927
0,0.0059465915
0,0.0045767985
0,0.00182747
0,0.4478887
0,0.12082545
1,0.23721157
1,0.13357754
0,0.015151747
0,0.044032834
0,0.14404297
0,0.4038086
0,0.08272789
0,0.12271923
0,0.045578044
0,0.009538926
0,0.30322266
0,0.0703125
0,0.086049065
0,0.0345038
0,0.0090158805
0,0.0028973564
0,0.01336325
0,0.021115586
1,0.75146484
0,0.025747407
0,0.028542662
0,0.054057352
1,0.19619094
0,0.0039138496
0,0.0051219077
0,0.022993943
0,0.008205973
0,0.027373433
0,0.00710107
1,0.019351687
1,0.111545034
1,0.9252365
0,0.0053293556
0,0.005749385
0,0.0062642586
0,0.030214246
0,0.011155026
0,0.237886
0,0.019261882
0,0.12967034
0,0.008743687
0,0.46435547
0,0.0039252485
0,0.055664062
1,0.6694336
0,0.018584639
0,0.058478817
0,0.06548673
0,0.0034312743
0,0.009848722
0,0.092285156
0,0.09386061
0,0.056381453
0,0.11165345
0,0.010553465
0,0.008773938
0,0.031338684
0,0.07964602
0,0.0078011453
0,0.022416187
0,0.0048866086
0,0.009428493
1,0.39858434
0,0.012680247
0,0.04092782
0,0.035732813
0,0.034609046
0,0.0024718484
0,0.009591832
0,0.00385685
0,0.012627515
0,0.61621094
0,0.011089248
0,0.002262521
0,0.11751068
1,0.5036603
1,0.074162245
0,0.0372269
0,0.071402416
0,0.0017684393
0,0.021185664
0,0.014137591
0,0.17480469
0,0.061523438
0,0.013799785
0,0.0031479779
0,0.007683797
0,0.00385305
0,0.050491482
0,0.03969731
0,0.037597656
0,0.014084937
0,0.15810035
1,0.1640625
0,0.16992188
0,0.057559665
0,0.053970773
0,0.33642578
0,0.039209105
0,0.23065658
0,0.0077367965
0,0.25732422
0,0.08436088
0,0.0041969996
0,0.012154275
0,0.009136808
0,0.030850448
0,0.0390625
0,0.0063173315
0,0.0049890913
0,0.009795844
0,0.020786911
0,0.012154275
0,0.36132812
0,0.1478452
0,0.020373281
0,0.114746094
0,0.14969476
0,0.024414062
0,0.13232422
0,0.2742369
0,0.048770066
0,0.03142735
0,0.0039176494
0,0.25439453
0,0.024827944
1,0.7109375
0,0.10801904
0,0.090165436
0,0.0019588359
0,0.085337564
0,0.18164062
0,0.020462973
0,0.004299574
0,0.0015895765
0,0.0049017924
0,0.015294441
0,0.037656393
0,0.093528695
0,0.05896716
0,0.2919922
0,0.0057986937
0,0.008111593
1,0.70410156
1,0.7873016
1,0.0809425
1,0.047246978
0,0.036844835
0,0.04400366
0,0.014963868
0,0.17626953
0,0.04311476
0,0.013303008
0,0.003425572
0,0.022770282
0,0.056985013
0,0.02059748
0,0.004090604
0,0.05187355
0,0.0035945692
0,0.046532206
0,0.005496287
0,0.04917132
0,0.025583914
0,0.010314312
0,0.017368212
0,0.0028345904
0,0.052531973
0,0.051699933
0,0.10525031
0,0.07780558
0,0.015256863
0,0.06950632
0,0.0041362047
0,0.023512
0,0.012056283
0,0.03051013
0,0.21386719
0,0.003729528
0,0.03113173
0,0.01452814
0,0.018509759
0,0.0032639778
0,0.03429757
0,0.042109117
0,0.07893291
0,0.0069912467
0,0.0025137032
1,0.09363936
0,0.05477404
0,0.02653058
0,0.049258377
0,0.064510226
0,0.0057683503
0,0.020642307
0,0.17069598
0,0.029725935
0,0.0072901365
0,0.006120175
0,0.036962427
0,0.3569336
0,0.047793444
0,0.0028098621
0,0.040898547
0,0.02707653
0,0.102429494
0,0.06879082
0,0.021160388
0,0.033380117
0,0.005950383
0,0.017059848
0,0.01531702
0,0.0063590277
0,0.0458402
0,0.014445419
0,0.21328287
0,0.057674702
0,0.016346402
0,0.015347064
0,0.015256926
0,0.16444878
0,0.0037162239
0,0.027876532
0,0.06074752
0,0.008615098
0,0.04075216
0,0.011409514
0,0.011245556
0,0.026617827
0,0.049688682
0,0.035585668
0,0.024976732
0,0.0993895
0,0.017593116
0,0.123809524
0,0.29066926
0,0.118433096
0,0.022624986
0,0.0016114729
0,0.034209162
0,0.0222073
0,0.0017474913
0,0.005484907
0,0.034444883
0,0.034474343
0,0.023761922
0,0.006192989
0,0.16532357
0,0.10346091
0,0.029267251
0,0.08355203
0,0.010749735
0,0.106933594
0,0.07352492
0,0.02280011
1,0.8544922
1,0.022386352
0,0.035215136
0,0.054370057
0,0.013423485
0,0.061207056
0,0.06542969
0,0.0051560546
1,0.083760686
0,0.06201172
0,0.020298526
0,0.07481997
0,0.011673508
0,0.047764383
1,0.30339274
1,0.87890625
1,0.37402344
0,0.011801683
0,0.049374428
0,0.052676555
0,0.068359375
0,0.026203739
0,0.05486056
0,0.024813063
0,0.006472097
0,0.051526252
0,0.010961015
0,0.09038755
0,0.011522671
0,0.06586096
0,0.004852443
0,0.0056014284
0,0.029873975
0,0.049717687
0,0.074912995
1,0.027653988
0,0.13075326
0,0.02905983
0,0.007835208
0,0.0024908737
1,0.86756986
0,0.02397046
0,0.033350624
0,0.0058024866
0,0.00952381
0,0.006457568
0,0.012048745
0,0.00497391
0,0.004348954
0,0.041103415
0,0.022222223
0,0.012169348
0,0.042451248
0,0.04178749
1,0.6759463
1,0.22539683
0,0.0326558
0,0.15185547
0,0.029459776
1,0.3125
1,0.020936336
0,0.12803613
0,0.027358592
0,0.012454213
0,0.004554019
0,0.007108643
0,0.0024509197
0,0.009727849
0,0.006377979
0,0.007634578
0,0.030051434
0,0.0179765
0,0.03196068
0,0.13937028
0,0.037627026
0,0.003081805
0,0.2864469
0,0.19472592
0,0.04187523
0,0.043398645
0,0.094183
0,0.017533151
0,0.0111173
0,0.014115026
0,0.085825905
0,0.050665364
0,0.088378906
0,0.033527564
0,0.050839182
0,0.005101632
0,0.030184649
0,0.049490448
0,0.005242074
0,0.011567927
0,0.006809416
0,0.10552335
1,0.31689453
0,0.056985013
0,0.12792969
0,0.24062996
0,0.012454213
0,0.006779105
0,0.03656229
0,0.21679688
0,0.015572426
0,0.10324196
0,0.0023633898
0,0.008028328
0,0.28320312
0,0.002925884
0,0.020936336
0,0.083928466
1,0.20595776
1,0.13389479
0,0.11225051
0,0.17919922
0,0.020298526
0,0.030377004
0,0.035732813
1,0.035244577
1,0.092939526
0,0.011109754
0,0.019561172
0,0.004523644
0,0.0021719937
0,0.017683048
0,0.014483022
0,0.033720896
0,0.002388128
0,0.007025332
0,0.009606947
0,0.017503167
0,0.002243487
0,0.03375038
0,0.019606048
0,0.017314762
1,0.7557671
1,0.3544922
1,0.6857143
0,0.028793775
0,0.045213252
0,0.012506963
0,0.0101281265
0,0.01010286
0,0.1743164
0,0.016038211
0,0.07111898
0,0.13563667
0,0.016256316
0,0.120009765
0,0.0033058072
0,0.020373281
0,0.014422857
0,0.006691949
0,0.30290458
0,0.12939453
0,0.035526797
0,0.15213676
0,0.10080547
0,0.0056204
0,0.008368871
0,0.103406176
0,0.037880406
0,0.039433524
0,0.0057986937
0,0.017089844
1,0.025479846
1,0.30647132
0,0.35253906
0,0.055146948
0,0.04598578
0,0.012289924
0,0.08355203
0,0.031708732
0,0.01491125
0,0.17362638
0,0.059627708
0,0.07818127
0,0.011456728
0,0.01633139
0,0.006056538
0,0.0092622265
0,0.10834402
1,0.16542546
0,0.00856214
0,0.101617336
0,0.011884602
0,0.06939274
0,0.074275255
0,0.138777
0,0.0099922195
0,0.035526797
0,0.12771674
0,0.37548828
0,0.20683761
0,0.024086455
0,0.024324737
0,0.025036234
0,0.0345038
0,0.004799292
0,0.049374428
0,0.00847477
0,0.116156995
0,0.08962149
0,0.22509766
0,0.10818071
0,0.003079904
0,0.07763672
0,0.1328125
0,0.009201752
0,0.013423485
1,0.4790039
1,0.025420368
0,0.026486024
0,0.028986393
0,0.0067639486
0,0.009083906
0,0.0072030276
0,0.027536651
0,0.046962254
0,0.011109754
0,0.041386887
0,0.004231193
0,0.0026576614
0,0.0022233664
0,0.0094360495
1,0.390625
1,0.15311356
0,0.08616061
0,0.010802563
0,0.0034521825
0,0.056381453
0,0.026575133
0,0.0057683503
0,0.16581197
1,0.005753178
0,0.01989989
0,0.0156024685
0,0.03882784
0,0.0026297371
0,0.015775181
0,0.0052230977
0,0.054372367
0,0.060776178
0,0.0024071566
0,0.04018552
1,0.3881836
1,0.0944041
1,0.018764302
0,0.00719924
0,0.04104489
0,0.021633662
0,0.0137922615
0,0.31835938
0,0.003064694
0,0.011988431
0,0.015895292
0,0.0050194524
0,0.0048486465
0,0.013912619
0,0.0023786135
0,0.01287606
0,0.17881118
0,0.04894422
0,0.012861
0,0.018300036
0,0.04598578
0,0.04248047
0,0.009345367
1,0.19726562
0,0.0052800244
0,0.04397449
0,0.043202344
1,0.051960334
0,0.04581108
0,0.0104855085
0,0.028986393
0,0.04190447
0,0.044717804
0,0.029622281
0,0.0144980615
0,0.06560078
0,0.018599613
0,0.056094732
0,0.020238712
0,0.033573434
0,0.10128824
1,0.16874237
0,0.0132438205
0,0.0051332903
0,0.0974359
0,0.08387254
0,0.028719671
0,0.02198758
0,0.010095307
0,0.017638084
0,0.018554688
0,0.008456208
0,0.03854488
0,0.02764049
0,0.25097656
0,0.13937028
0,0.012725442
0,0.101129085
1,0.7683671
0,0.022759167
0,0.016601562
0,0.023910888
0,0.0695631
0,0.04190447
0,0.0043907333
0,0.017817916
0,0.0066123586
0,0.06473854
0,0.08240752
0,0.008232682
1,0.07111898
0,0.07861328
0,0.2352582
0,0.12782322
0,0.002925884
0,0.004337559
0,0.0040962035
0,0.011959971
0,0.06278601
0,0.097388335
0,0.0027147422
0,0.0043869354
0,0.11756806
0,0.018300036
0,0.013656825
0,0.04302716
0,0.015579937
1,0.10324628
1,0.88492763
1,0.009697626
1,0.2394435
1,0.80869246
0,0.041503906
0,0.008993204
0,0.005722832
0,0.08599329
0,0.27032968
0,0.037538912
1,0.6515263
1,0.22265625
0,0.0064537786
0,0.0062073884
0,0.016278395
0,0.0069230683
0,0.012116588
0,0.02858712
0,0.015362085
1,0.7058824
1,0.5888672
1,0.02499161
1,0.033203125
0,0.012665181
0,0.028927132
0,0.024961855
0,0.040273372
0,0.002731865
1,0.7446289
0,0.035332885
0,0.0038587502
0,0.010945926
0,0.0594555
0,0.020522758
0,0.010148179
0,0.0056848964
1,0.2524414
0,0.031102158
0,0.00665405
0,0.0068662455
0,0.02829066
0,0.01171121
0,0.8106458
0,0.1616211
0,0.14540349
0,0.016969845
0,0.0857701
0,0.011794144
0,0.0075474866
0,0.039863255
0,0.091796875
0,0.011081706
0,0.06525853
0,0.0034673878
0,0.017728008
0,0.18837748
0,0.12597656
0,0.0036630037
0,0.0025967683
0,0.102269955
0,0.013732072
0,0.030702557
0,0.009984668
0,0.008107634
0,0.013032994
0,0.009931805
0,0.007210603
0,0.037450783
0,0.0035700118
0,0.0021757993
0,0.003771339
0,0.016436474
0,0.005586251
0,0.09331706
0,0.052130386
1,0.7470703
0,0.0027356702
0,0.0032430617
0,0.0053331503
1,0.05043351
0,0.091364056
0,0.03515625
0,0.023318276
0,0.0033647427
0,0.010097928
1,0.12576313
1,0.8989807
0,0.044062003
0,0.07237886
0,0.0060262103
1,0.44642422
1,0.52001953
0,0.0235269
0,0.009473829
0,0.016616568
0,0.018953152
0,0.02922281
0,0.08462572
0,0.009954461
0,0.0066730003
0,0.10438286
0,0.025732547
0,0.003448381
0,0.03182692
0,0.0015638708
0,0.0036249857
0,0.06315982
0,0.13574219
0,0.060977843
1,0.06548673
0,0.065372646
0,0.0030532866
0,0.0028517093
1,0.10747635
1,0.29003906
0,0.013656825
1,0.4091797
0,0.017713021
0,0.007483237
0,0.3930664
0,0.0030856074
0,0.006305959
0,0.03349808
0,0.034061775
0,0.019989625
0,0.04452107
0,0.07151575
0,0.0027280601
0,0.008690743
0,0.04417867
0,0.0077367965
0,0.027964342
0,0.020951277
0,0.0066009876
0,0.0025536525
1,0.20537241
0,0.003811246
0,0.22100122
0,0.6401367
0,0.032891925
0,0.08766789
0,0.013558986
0,0.028719671
0,0.025539316
0,0.08766789
0,0.0052015805
0,0.0020825546
0,0.01596313
0,0.09445021
0,0.008346176
0,0.0014077039
0,0.06738281
0,0.010344512
1,0.061035156
0,0.029563041
1,0.111490816
1,0.044462755
0,0.11729525
0,0.018674478
0,0.027106227
0,0.016586557
0,0.00617025
0,0.1303711
0,0.22235782
1,0.100695714
0,0.13780056
0,0.1276102
0,0.03142735
0,0.035791658
0,0.010576116
0,0.025804581
0,0.0071275756
0,0.0032867943
0,0.043799408
0,0.0021091977
0,0.005212961
0,0.035009004
0,0.0021872157
0,0.007979007
0,0.10216038
0,0.02207711
0,0.0020977794
0,0.009765625
1,0.018968122
0,0.07784358
0,0.0052989987
0,0.022431105
0,0.022979036
1,0.27752015
1,0.032344684
1,0.77041376
0,0.034773316
0,0.0076270057
0,0.03854488
0,0.11935563
0,0.15136719
0,0.035185695
0,0.1538086
1,0.08300781
0,0.012048745
0,0.0030095552
1,0.47180864
0,0.07117568
0,0.19374923
0,0.43554688
0,0.0062680496
0,0.009352924
0,0.038515534
0,0.060374826
0,0.041620895
0,0.031590514
0,0.0053862706
0,0.008429388
0,0.11707972
0,0.0552911
0,0.0021872157
0,0.0483108
0,0.030317826
1,0.13476562
0,0.005080169
0,0.0049359547
1,0.42885038
1,0.17841007
0,0.091685995
0,0.20879121
0,0.07737369
0,0.072527476
0,0.017757978
0,0.0023165846
0,0.32128906
0,0.034268104
0,0.010014874
0,0.087248325
0,0.068245634
0,0.03975591
0,0.12033195
0,0.018734362
0,0.7195509
0,0.032492295
0,0.17939956
0,0.007384803
0,0.0076005007
0,0.017059848
0,0.025613645
0,0.09054277
0,0.0023082
0,0.0066313096
0,0.010870477
0,0.08935547
0,0.072039075
0,0.042451248
0,0.007630792
0,0.13797314
0,0.27898464
0,0.018554688
0,0.03622105
0,0.07444472
0,0.004554019
0,0.0066123586
0,0.0046147625
0,0.024220502
0,0.041845985
0,0.01633139
0,0.006014837
0,0.006779105
0,0.014934025
0,0.0018598387
0,0.004348954
0,0.01833
0,0.01784788
0,0.43847656
0,0.113064714
0,0.028024836
0,0.18339439
0,0.20791112
0,0.010087753
0,0.096191406
0,0.048113007
0,0.012574777
0,0.12147479
0,0.11425781
0,0.01564002
0,0.04334025
0,0.03295094
0,0.3100586
0,0.018824175
0,0.022416187
1,0.53186816
0,0.04810745
0,0.027033623
0,0.16514097
0,0.031235218
0,0.50671226
0,0.024872586
0,0.03836879
0,0.047276057
0,0.00782007
0,0.016841592
0,0.026203739
0,0.2771673
0,0.005791108
0,0.007449166
0,0.01893818
1,0.06359087
1,0.045235332
0,0.03619164
0,0.0027965466
1,0.05471635
0,0.00870587
0,0.010148179
0,0.0026386331
0,0.0026297371
0,0.008452079
0,0.025152626
0,0.27148438
1,0.010870477
1,0.94962007
0,0.037109375
0,0.008346176
0,0.00747553
0,0.017428197
0,0.06143751
0,0.009126148
0,0.012101512
0,0.0040582186
0,0.028645555
0,0.010022424
0,0.056065924
0,0.012011049
1,0.20039053
0,0.009091464
0,0.0068283603
0,0.004478079
0,0.021115586
0,0.009939357
0,0.008894924
0,0.025997803
0,0.009083906
0,0.037021212
0,0.044404432
0,0.015978146
0,0.057071354
0,0.065543756
0,0.013236293
0,0.024961855
1,0.8130875
0,0.014002868
0,0.028409265
0,0.026099699
0,0.0033951583
0,0.011155026
0,0.007093497
0,0.0015029334
0,0.028468557
0,0.023362989
0,0.011155026
0,0.0024680432
0,0.013002869
0,0.023362989
0,0.055836946
1,0.060058594
0,0.0535115
0,0.026929708
0,0.008137894
0,0.036103398
0,0.018389927
0,0.0024528222
0,0.058766097
0,0.07574001
0,0.040410206
0,0.026604833
0,0.025212135
0,0.0056811026
0,0.005677309
0,0.06385057
0,0.009425539
0,0.019561172
0,0.046991333
1,0.50439453
1,0.62060547
0,0.037715122
0,0.0036439952
0,0.028719671
0,0.030362211
0,0.22451471
0,0.04986268
0,0.020328429
0,0.03497955
0,0.05032195
0,0.23895533
1,0.05457209
1,0.36538932
0,0.00606791
0,0.0043413574
0,0.0704827
0,0.004039225
0,0.0033723467
0,0.05655425
0,0.015121691
0,0.022192374
1,0.1231004
0,0.053479854
0,0.004149378
0,0.0041949507
0,0.0021358393
1,0.18027584
0,0.0034635866
0,0.024146035
0,0.019855017
1,0.06215655
1,0.028675202
0,0.04552667
0,0.043486223
0,0.021797825
0,0.071834
0,0.07186908
0,0.003551009
0,0.0041075987
0,0.0067715268
0,0.003940447
0,0.21044922
0,0.0037827413
0,0.0034046627
0,0.06499848
0,0.04061518
1,0.15938492
1,0.843647
1,0.22265625
1,0.25732422
1,0.0809425
1,0.7397461
0,0.051815685
0,0.115722656
0,0.008796625
0,0.0076080738
0,0.08843455
0,0.01959109
0,0.25763127
0,0.015933093
0,0.0068473034
0,0.012446676
0,0.02047792
0,0.017134836
0,0.041161932
0,0.068359375
0,0.03194508
0,0.24316406
0,0.02249077
0,0.012274853
0,0.018404908
0,0.017653072
0,0.026411755
0,0.021618735
0,0.07974111
0,0.011583012
0,0.0031574871
0,0.0043603485
0,0.0041379835
0,0.004734744
0,0.008902485
0,0.026174014
0,0.017518159
0,0.025524449
0,0.045322753
0,0.0046777823
0,0.02979996
0,0.0025612614
0,0.006324913
0,0.032921433
0,0.0044401046
0,0.018584639
0,0.013213708
0,0.015895292
0,0.114746094
0,0.057990476
0,0.010545915
0,0.0024261845
0,0.03207887
0,0.011320985
0,0.009433098
0,0.14540349
0,0.03707999
0,0.094947524
0,0.02333318
0,0.09586868
0,0.0047537293
0,0.0062415116
0,0.060977843
0,0.0028840431
0,0.013979611
0,0.12852435
0,0.0021529654
0,0.024813063
0,0.015933093
0,0.00847891
0,0.0015533977
0,0.043311052
0,0.020996094
0,0.018141316
0,0.059915148
0,0.118652344
0,0.027225003
0,0.046299405
0,0.022341594
0,0.047305133
0,0.009440659
0,0.009038557
0,0.123809524
0,0.0055976342
0,0.012966409
0,0.008894924
0,0.34960938
0,0.0057645575
0,0.0020521036
0,0.07639737
0,0.2233484
0,0.0047461353
0,0.005242074
0,0.033632424
0,0.04342784
0,0.052047104
0,0.024842825
0,0.024637306
0,0.7821311
0,0.048113007
0,0.0019388476
0,0.0028383946
0,0.012252247
0,0.023169205
0,0.10606615
0,0.09874283
0,0.029459776
0,0.03567396
0,0.11425781
0,0.56968516
1,0.14648438
1,0.04222602
0,0.006881399
0,0.005538011
1,0.50573593
0,0.03989256
0,0.018156298
0,0.022416187
0,0.004852443
0,0.0016951173
0,0.1371017
0,0.003967043
0,0.0020216508
0,0.07530819
0,0.044921875
0,0.109971926
0,0.36621094
0,0.0033780497
0,0.0042919763
0,0.013453599
0,0.009330251
0,0.07557075
0,0.00318826
0,0.0057114516
0,0.0064803055
0,0.005522839
0,0.04279348
0,0.011899676
0,0.0686436
0,0.087458044
0,0.015482286
0,0.011358695
0,0.14365922
0,0.0033060939
0,0.12217747
0,0.0053369445
0,0.17197607
0,0.022341594
0,0.07318562
0,0.007835208
0,0.0023234254
0,0.0026240312
0,0.083760686
0,0.22021484
0,0.0027737187
0,0.004679295
0,0.00797144
0,0.0040848083
0,0.01969579
0,0.014377728
0,0.14627595
0,0.0056469585
0,0.029829567
1,0.6166992
1,0.91096604
0,0.048200123
0,0.0113059
0,0.0017094017
0,0.0067639486
0,0.07258409
0,0.025065983
1,0.26398048
1,0.6923828
0,0.0038644504
1,0.681308
0,0.07341185
0,0.020283572
0,0.24813865
0,0.023601385
0,0.01732322
0,0.0074605234
0,0.017991485
0,0.018141316
0,0.0039898385
0,0.00782007
0,0.0042083976
0,0.043886956
0,0.26482794
0,0.0106440615
0,0.0035072998
0,0.11729525
0,0.16532357
0,0.031990234
0,0.012717909
0,0.040361207
0,0.0059920894
1,0.77276057
0,0.24884005
0,0.088700324
0,0.008346176
0,0.01980047
0,0.039921865
0,0.057789713
0,0.008910045
0,0.011507586
0,0.040527344
0,0.023646072
0,0.024354514
0,0.021454513
0,0.002707132
0,0.03619164
0,0.006132349
0,0.0049928864
0,0.059599012
0,0.2319336
0,0.013890054
0,0.020906456
0,0.0064234603
0,0.14892578
0,0.013400897
0,0.09315102
0,0.013400897
0,0.0075512733
0,0.37402344
0,0.020049438
0,0.11767578
0,0.024577783
0,0.027269537
0,0.014798767
0,0.067984864
0,0.10015258
0,0.02479818
0,0.035038456
0,0.111273885
0,0.004966319
0,0.0067260554
0,0.015369588
0,0.008675614
0,0.04977569
0,0.06129426
0,0.48278388
0,0.40444228
0,0.026634531
0,0.037109375
0,0.078350015
0,0.024946978
0,0.015579937
0,0.013762168
1,0.2
1,0.66503906
0,0.0024927764
0,0.0021491598
1,0.9432154
0,0.17744692
0,0.047217898
0,0.044433594
0,0.21972656
0,0.009886488
0,0.33789062
0,0.028112695
0,0.028127527
0,0.022654807
0,0.008872242
0,0.0018617427
0,0.039638706
0,0.006616708
0,0.039374884
0,0.039209105
0,0.42138672
0,0.37548828
0,0.028083028
0,0.012012722
0,0.11751419
0,0.08116685
0,0.042735044
0,0.15255065
0,0.006537144
0,0.0065106205
0,0.18965097
0,0.028231345
0,0.058134213
0,0.013859966
0,0.03530345
0,0.003746633
0,0.081863135
0,0.02249077
0,0.097821444
0,0.0028098621
0,0.076341
0,0.033527564
0,0.00833861
0,0.00663889
0,0.09104223
0,0.01957613
0,0.017254794
0,0.0074150926
0,0.051128738
0,0.06830251
1,0.8901367
1,0.13574219
0,0.021085717
0,0.02007934
0,0.027817197
0,0.013905098
0,0.007873055
0,0.006052747
0,0.0014715097
0,0.0020825546
0,0.0020007133
0,0.0018665026
0,0.25976562
0,0.011373779
0,0.010727093
0,0.011500042
0,0.005114319
0,0.059196874
0,0.15995117
0,0.032344684
1,0.8932845
0,0.040527344
0,0.0046208147
0,0.0072070835
0,0.0061058165
0,0.0036173817
1,0.84200245
0,0.01690158
0,0.18857561
0,0.07209572
0,0.032967035
0,0.020791702
0,0.021544095
0,0.037792295
0,0.025360882
0,0.058766097
0,0.10530493
0,0.0094360495
0,0.15007937
0,0.0047575263
0,0.0058176573
0,0.009345367
0,0.013311567
0,0.22949219
0,0.029193182
0,0.027492143
0,0.0028992584
0,0.003303906
0,0.07731739
0,0.029947797
0,0.12147479
0,0.023157895
0,0.042050656
0,0.0031084209
0,0.0066616302
0,0.034444883
0,0.019855017
0,0.021778611
0,0.004375541
0,0.08240752
1,0.75039667
1,0.1263582
1,0.2064461
0,0.02067219
0,0.00778222
0,0.15820312
0,0.13807838
0,0.0062111802
0,0.005484907
0,0.002310878
0,0.0119448975
0,0.0021339364
0,0.014941538
0,0.18300574
0,0.010991191
0,0.087834954
0,0.10888672
0,0.06738281
0,0.025107987
0,0.015106662
0,0.061466154
0,0.014205283
0,0.03882784
0,0.012567243
0,0.044921875
0,0.04710764
0,0.004329962
0,0.005348328
0,0.10123879
0,0.04417867
1,0.4493532
0,0.14920636
0,0.034920637
0,0.44873047
0,0.009307577
0,0.0126953125
1,0.107042596
0,0.21328287
0,0.0068927635
0,0.0027033265
0,0.021633662
0,0.074912995
1,0.33919415
0,0.063964844
0,0.0035643112
0,0.021364912
0,0.0073242188
1,0.45947266
1,0.5107422
0,0.07942128
0,0.1459961
0,0.16269986
0,0.033439104
0,0.006930644
0,0.011748909
0,0.03958009
1,0.9396252
0,0.026486024
0,0.35205078
0,0.008512585
0,0.008039542
0,0.0048030885
0,0.06218344
0,0.004588188
0,0.0067677377
0,0.004818275
0,0.012342665
0,0.0100375265
0,0.002891651
0,0.0043831374
0,0.010606315
0,0.3024164
1,0.5486942
1,0.33203125
0,0.004531238
0,0.0033818516
0,0.020358332
0,0.033943836
0,0.018764302
0,0.004217736
0,0.018359965
0,0.19443427
0,0.0023729047
0,0.0053293556
0,0.005118113
0,0.019202003
0,0.13232422
0,0.51904297
0,0.119301885
0,0.03882784
0,0.014543179
0,0.10373444
0,0.116156995
0,0.0049852957
0,0.007562727
0,0.011011653
0,0.005306588
0,0.10850726
0,0.015444723
0,0.010704448
0,0.06468148
0,0.046554934
0,0.047078565
0,0.24356
0,0.1792994
0,0.027772691
1,0.4267578
0,0.01784788
0,0.063964844
0,0.0284982
0,0.015888035
0,0.080190405
0,0.0037675381
0,0.0057038646
0,0.035097357
0,0.0012737298
0,0.0031616483
0,0.0016274992
0,0.004421116
0,0.03647407
0,0.0048068855
0,0.0059617576
0,0.00546594
0,0.091907725
0,0.010321862
0,0.095057964
1,0.013814053
0,0.019740656
0,0.38476562
0,0.009292461
0,0.0056697214
0,0.0033913564
0,0.03219703
0,0.030850448
0,0.0034521825
0,0.009848722
0,0.053797565
0,0.029504195
0,0.031990234
0,0.008796625
0,0.013424457
0,0.013176065
0,0.0043337606
0,0.02954861
0,0.021290233
0,0.0019198104
0,0.1898425
0,0.13846155
0,0.04957265
0,0.2841797
0,0.03051013
0,0.014798767
0,0.040039062
0,0.018494781
0,0.0041038003
0,0.034550115
0,0.023228839
0,0.03219703
0,0.12576313
0,0.1694336
0,0.016541537
0,0.010185941
0,0.002361487
1,0.026692102
1,0.016421463
1,0.013461128
1,0.039179787
1,0.41796875
1,0.054456655
1,0.023079742
0,0.14414744
0,0.03989256
0,0.0766038
0,0.043632146
0,0.0011981349
0,0.0033704457
0,0.0066881594
0,0.020567592
0,0.066723645
0,0.016278395
0,0.017179824
0,0.15115996
0,0.053566523
0,0.0546298
0,0.04334025
0,0.025938358
0,0.0041531757
0,0.0014667483
1,0.033691406
1,0.09592385
0,0.096403934
0,0.007498379
0,0.0018864938
0,0.0012114737
0,0.007498379
0,0.0022309767
0,0.009614504
0,0.032256097
0,0.01199765
0,0.011051536
0,0.019486366
0,0.095380485
0,0.027581157
1,0.04178749
1,0.025464976
0,0.0033098946
0,0.06324787
0,0.29882812
0,0.09971927
0,0.024562903
0,0.055519946
0,0.021115586
0,0.091197655
0,0.04233434
0,0.01997467
1,0.2872834
0,0.0063400753
0,0.1981443
0,0.07714844
0,0.6453503
0,0.0027889374
0,0.003837849
0,0.0028593175
0,0.0028041555
0,0.0055596894
0,0.030791298
0,0.009954461
0,0.047677185
0,0.0109685585
0,0.057013795
0,0.009705182
1,0.61606055
1,0.019306786
0,0.017826619
0,0.3165731
0,0.038632896
0,0.004689175
0,0.03125
0,0.010470405
0,0.052618727
0,0.018953152
0,0.038320724
0,0.023068473
0,0.007048055
1,0.2626953
1,0.328289
0,0.053537633
0,0.002256811
0,0.08528173
0,0.0019293291
0,0.007233328
0,0.027477305
0,0.032803394
0,0.3077862
0,0.05368206
0,0.2039072
0,0.0052041207
0,0.11425781
0,0.020019531
0,0.04710764
0,0.0029544097
0,0.010163284
0,0.03567396
0,0.010930837
0,0.019028
0,0.003520603
0,0.058047976
0,0.076171875
0,0.001983582
0,0.005245869
1,0.8769531
0,0.02827583
0,0.010591215
0,0.015903056
0,0.041562404
0,0.0053027933
0,0.072265625
0,0.04190447
0,0.0062983776
0,0.265625
0,0.06813187
0,0.03539175
0,0.014783736
0,0.021364912
0,0.016361417
0,0.005920049
0,0.0665202
0,0.025789715
0,0.0054431786
0,0.0038948504
0,0.003486394
0,0.1608494
0,0.004364147
0,0.07189064
0,0.20498107
0,0.0054317974
0,0.028749313
0,0.041103415
0,0.008202413
1,0.2241211
0,0.03237421
0,0.056152344
0,0.004723352
0,0.012327597
0,0.012154275
0,0.0048942007
0,0.0070291194
0,0.009106579
0,0.012559708
0,0.007850347
0,0.008047108
0,0.010802563
0,0.025789715
0,0.015474773
0,0.009501133
0,0.014115026
0,0.13943835
0,0.025390625
0,0.010359611
0,0.051699933
0,0.19482422
0,0.019192629
0,0.026706956
0,0.019207591
0,0.06066154
0,0.0074150926
0,0.01618834
0,0.010216149
0,0.5445666
0,0.005173756
0,0.0146484375
0,0.04193371
0,0.00150579
0,0.090121426
0,0.031397797
0,0.3297535
0,0.03167918
0,0.008879802
0,0.0029296875
0,0.032433257
0,0.008554574
0,0.026456319
0,0.15332031
0,0.047479555
0,0.15360196
0,0.0012686361
0,0.00977318
0,0.018659506
0,0.028172024
0,0.0133492
0,0.0059996718
0,0.0016086169
0,0.027566323
0,0.013400897
0,0.029282063
0,0.039003845
0,0.0023234254
0,0.011215381
0,0.123046875
0,0.13985844
0,0.0022652217
0,0.0021168098
0,0.05060741
0,0.10584788
0,0.014971385
0,0.016976556
0,0.020169042
0,0.021927884
0,0.018021455
0,0.012514498
1,0.26953125
0,0.04081072
0,0.029296875
0,0.0054697334
0,0.018923208
0,0.20566337
0,0.0064083003
0,0.015865268
0,0.63736266
0,0.029207997
0,0.0018617427
0,0.0019721608
0,0.0024452116
0,0.23935066
0,0.020253668
0,0.34505495
0,0.044287764
0,0.0029525082
0,0.01500164
0,0.03073214
0,0.02734375
0,0.002826982
0,0.024961855
0,0.003298202
0,0.0034882945
0,0.004149378
0,0.22089334
0,0.0020064237
0,0.007350725
0,0.008278082
1,0.010329412
0,0.48840615
0,0.0069382195
0,0.09727816
0,0.045665447
0,0.03463851
1,0.2006836
0,0.06755355
0,0.0074794516
0,0.0390625
0,0.046875
0,0.017518159
0,0.019057937
0,0.04311476
0,0.0038986504
1,0.9021786
1,0.84922475
0,0.017533151
0,0.024015136
0,0.027477305
0,0.016481504
0,0.024693996
0,0.013498767
0,0.10346091
0,0.2861328
0,0.0129588805
0,0.012386382
0,0.0062339287
0,0.0054621464
0,0.0985778
0,0.05626622
1,0.035509456
0,0.041533157
0,0.05394191
1,0.24374466
1,0.14725275
0,0.0022671241
0,0.006582035
0,0.007948738
0,0.034120735
0,0.004943546
0,0.019441478
0,0.017862864
0,0.03785104
0,0.056842104
0,0.011892139
1,0.11669922
1,0.14365922
1,0.08083028
1,0.017683048
1,0.11767578
0,0.0017379692
0,0.002986737
0,0.0018093807
0,0.00923199
0,0.002532727
0,0.04207989
0,0.025509581
0,0.019426513
0,0.13856672
0,0.0054887002
0,0.002826982
0,0.0356151
0,0.0021358393
0,0.0123336185
0,0.074162245
0,0.0052724346
0,0.079045355
0,0.074594066
0,0.014363191
0,0.09326172
0,0.008084938
0,0.016128294
0,0.079045355
0,0.05121162
0,0.0014648438
0,0.0052648447
0,0.023422599
1,0.38198683
1,0.87939453
0,0.0046132184
0,0.0021872157
0,0.0063476562
0,0.042626552
0,0.052763283
1,0.18339439
1,0.07525176
1,0.1874008
0,0.013438542
0,0.034385964
0,0.0516131
0,0.17773438
0,0.056037113
0,0.009171512
0,0.039980467
0,0.021633662
0,0.003921449
1,0.23486328
0,0.0041113966
0,0.02158888
0,0.18759917
0,0.005707658
0,0.002319619
0,0.031486455
0,0.0045767985
0,0.0035434077
1,0.9404297
1,0.401221
0,0.0043337606
0,0.13026492
0,0.21396314
0,0.0031806568
0,0.02734375
0,0.008384001
0,0.018584639
0,0.13584767
0,0.12841797
0,0.0050156573
0,0.052531973
0,0.014317551
0,0.16786717
0,0.0047309464
0,0.014828828
0,0.033943836
0,0.0132438205
0,0.28320312
0,0.0013657971
0,0.005650752
0,0.004679295
0,0.0026938133
0,0.013198651
0,0.0047309464
0,0.0065934067
0,0.0019321847
0,0.05187355
0,0.011665967
0,0.068473086
0,0.041620895
0,0.102429494
0,0.0069571584
0,0.009886488
0,0.039003845
0,0.006605342
0,0.03216749
0,0.04650311
0,0.009780735
0,0.06542969
0,0.033203125
0,0.0016466955
0,0.023482202
0,0.010208597
0,0.01596313
0,0.09196314
0,0.04762486
0,0.043799408
0,0.100750595
0,0.07542104
0,0.013912619
0,0.031886004
0,0.018953152
0,0.017149832
0,0.09798658
0,0.010113028
0,0.051931407
0,0.111762196
0,0.0056811026
0,0.003803645
0,0.088378906
0,0.044200245
0,0.0055683535
0,0.03989256
0,0.021842588
0,0.0071427207
0,0.0071502933
0,0.0026487566
1,0.5229492
0,0.008720997
0,0.0889228
1,0.5776367
1,0.7652301
1,0.04552667
0,0.051642045
0,0.037197523
0,0.03340961
1,0.8865023
1,0.04805492
1,0.05419922
0,0.030391797
0,0.041562404
0,0.004318567
0,0.052188244
0,0.0028650234
0,0.024000244
0,0.15049432
0,0.045293614
0,0.0031768552
1,0.9581833
0,0.03923842
0,0.035762236
0,0.031013431
0,0.039492156
0,0.005042222
0,0.07795617
1,0.71533203
1,0.013964562
0,0.008308347
0,0.002619604
0,0.009455778
0,0.008857119
0,0.012928766
0,0.016736593
0,0.009622062
0,0.007604287
1,0.15460646
1,0.32617188
0,0.006196779
0,0.02040318
0,0.02589377
0,0.0038606504
0,0.026012663
0,0.01803644
0,0.08751373
1,0.85770077
0,0.059139457
0,0.12705968
0,0.0028802392
0,0.014903971
1,0.07953367
0,0.0024204762
0,0.0026500502
0,0.05158415
0,0.007661081
0,0.028305486
0,0.007002609
0,0.121147394
0,0.05313597
0,0.019276852
0,0.044032834
0,0.087946296
0,0.021678438
0,0.0014743664
0,0.0028802392
0,0.026159152
0,0.024473604
1,0.046474017
1,0.09363936
0,0.0020235542
0,0.0023805164
0,0.07329875
0,0.35302734
0,0.01311583
0,0.0058176573
0,0.00886468
0,0.009538926
0,0.075909205
0,0.062614426
0,0.14679682
0,0.0033894554
0,0.012161812
0,0.0028707294
0,0.07508241
0,0.021290233
0,0.01392014
0,0.008894924
0,0.053023368
0,0.07068734
0,0.018539712
0,0.030199448
0,0.02287467
0,0.017991485
0,0.0031669962
0,0.058191694
0,0.03952147
0,0.034150213
0,0.013814831
0,0.022979036
0,0.031856462
0,0.021618735
0,0.016248379
0,0.0065788217
0,0.041474655
0,0.15126358
1,0.10210559
1,0.031279564
1,0.14620455
0,0.0135890925
0,0.0037029195
0,0.06324787
0,0.037256278
0,0.00550008
0,0.15311356
0,0.12451172
0,0.10080547
1,0.19834004
0,0.03546792
0,0.014505582
0,0.031279564
0,0.029267251
0,0.03088002
0,0.032907993
0,0.016601562
0,0.009999772
0,0.013070649
0,0.019650921
0,0.011484955
0,0.0038644504
0,0.04222602
1,0.067439735
0,0.011990115
0,0.03219703
0,0.006934432
0,0.05124058
0,0.04951945
0,0.0053027933
0,0.013266404
1,0.31152344
0,0.037285652
0,0.04598578
0,0.033779867
0,0.30192825
0,0.029681515
0,0.023660967
0,0.04228446
0,0.0046815802
0,0.12293981
0,0.03860356
0,0.0056090173
0,0.42871094
0,0.12125465
0,0.0044818763
0,0.0019131473
0,0.008773938
0,0.025405496
0,0.011892139
0,0.014077415
0,0.008043468
1,0.46959707
1,0.24121094
0,0.003427473
1,0.84929836
0,0.025464976
0,0.0049169757
0,0.07938251
0,0.12283272
1,0.93382174
1,0.94307154
0,0.14697266
0,0.0129878055
0,0.0034825928
0,0.034726884
0,0.004920772
0,0.004172165
1,0.7644618
0,0.024592664
0,0.017314762
0,0.037315026
0,0.017856598
0,0.051472157
0,0.013424457
0,0.0072068153
0,0.1048712
0,0.0035092002
0,0.0035945692
0,0.057358284
0,0.018509759
0,0.058737375
0,0.1750061
0,0.12684654
0,0.04644492
0,0.058191694
0,0.08719263
0,0.02327356
0,0.113661334
0,0.03785104
0,0.85264313
0,0.011313443
0,0.020298526
1,0.0047005676
1,0.0047727143
1,0.5336914
1,0.10633622
1,0.010029975
0,0.00451605
1,0.34749696
0,0.09998779
0,0.011245556
0,0.017548144
0,0.125
0,0.0064158803
0,0.0023976425
0,0.14874923
0,0.009538926
0,0.006575033
0,0.02067219
0,0.022460938
0,0.0070291194
0,0.012567243
0,0.36214897
0,0.040273372
0,0.023038663
0,0.030095844
0,0.86534
0,0.0027565972
0,0.0024946788
0,0.00451605
0,0.015226877
0,0.0033096096
0,0.007994141
0,0.006033792
0,0.009614504
0,0.06031746
0,0.092551894
0,0.34814453
0,0.029207997
0,0.0026976187
0,0.001812237
0,0.0021529654
0,0.0024984838
0,0.0025631636
0,0.031190868
0,0.02575998
0,0.0053445334
0,0.4711914
0,0.024044916
0,0.0566982
0,0.026159152
0,0.0017028564
0,0.050177023
0,0.07714844
1,0.06749664
0,0.088700324
0,0.05032195
0,0.1240769
0,0.0029030622
0,0.035926864
0,0.015444723
0,0.051012937
0,0.046474017
0,0.047020413
1,0.8442383
0,0.02805336
0,0.15673828
0,0.008819311
0,0.041015625
0,0.13438301
0,0.10058594
0,0.0019188586
0,0.097766384
0,0.0049625235
0,0.0060868636
1,0.5410156
1,0.29070053
0,0.021693364
0,0.099829145
0,0.0109685585
0,0.020163937
1,0.003693416
0,0.028734492
0,0.012146737
0,0.017179824
0,0.049316406
0,0.053393167
0,0.15478516
0,0.13047723
0,0.016466495
0,0.006457568
0,0.006180847
0,0.018764302
0,0.03736264
0,0.0100375265
0,0.0021815074
0,0.0051029357
0,0.15586476
0,0.021514237
0,0.014137591
1,0.97085124
0,0.007763294
0,0.007210603
0,0.06560078
0,0.018419888
0,0.071459085
0,0.06704115
0,0.028778955
0,0.0070101833
0,0.12098645
0,0.012124126
0,0.011696129
0,0.1312416
1,0.26446888
0,0.13504274
0,0.03429757
0,0.0945055
0,0.20351605
0,0.00691928
0,0.044491913
0,0.030421384
0,0.0035263042
0,0.02179354
0,0.011066621
0,0.08800195
1,0.52893776
1,0.8756559
0,0.13769531
0,0.114638016
0,0.013513823
0,0.0145582175
0,0.030347416
0,0.046532206
0,0.034150213
0,0.15283203
0,0.034550115
0,0.008240249
0,0.019351687
0,0.0020311675
0,0.0022937574
0,0.19843788
0,0.0061315517
0,0.019351687
0,0.0016132125
0,0.00615509
0,0.049688682
0,0.11018863
0,0.05592336
0,0.0023462626
0,0.008278082
0,0.01117766
0,0.012191959
0,0.010772376
0,0.02358649
0,0.0072749886
0,0.009727849
0,0.08507262
0,0.24237247
0,0.24444444
0,0.23379318
0,0.0036496976
0,0.019869976
0,0.0343565
0,0.011139936
0,0.0055900454
0,0.0131233595
1,0.63183594
1,0.015166773
1,0.027477305
1,0.6920635
0,0.0043869354
0,0.0798145
0,0.006487884
0,0.0063324943
0,0.008925166
0,0.008217547
0,0.019013032
0,0.12277917
0,0.009508692
0,0.04997864
0,0.0038340488
0,0.009046115
0,0.033691406
0,0.03539175
0,0.035897437
0,0.013596619
0,0.72425574
0,0.0023957395
1,0.5209961
1,0.10514432
0,0.03349808
0,0.037021212
0,0.011403943
0,0.0074264505
0,0.0074264505
0,0.0026823974
0,0.02438429
0,0.014235364
0,0.013604145
0,0.0050194524
0,0.035185695
0,0.014821312
0,0.032714844
0,0.029489389
0,0.00469677
0,0.009083906
0,0.009622062
0,0.013213708
0,0.022580251
0,0.007350725
0,0.021618735
0,0.050263986
0,0.02070207
1,0.02186818
1,0.051931407
0,0.088700324
0,0.016721591
0,0.0025251177
0,0.007237116
0,0.0074529517
0,0.029873975
0,0.079270154
0,0.1527286
0,0.2029304
0,0.09798658
0,0.063648015
0,0.07421875
0,0.03785104
0,0.0516131
0,0.024783298
0,0.019929804
0,0.03463851
1,0.13455434
1,0.95410156
1,0.23916493
0,0.010067728
0,0.012951353
0,0.12434411
0,0.006619939
0,0.048485033
0,0.028557481
0,0.0016532142
0,0.010636512
0,0.0033229182
0,0.017503167
0,0.07324219
0,0.108561665
1,0.7270508
0,0.00782007
0,0.038320724
0,0.0058328277
0,0.0052091675
1,0.03656229
0,0.2196313
0,0.064510226
0,0.011658426
0,0.01711984
0,0.020906456
0,0.012529569
0,0.15771484
0,0.02651573
0,0.01583524
0,0.029755548
0,0.010795017
0,0.011643345
0,0.008077372
0,0.04859585
0,0.0025441411
0,0.007195452
0,0.0057873153
0,0.009516251
0,0.004519847
0,0.0042273942
0,0.027670154
0,0.042735044
0,0.044316933
0,0.008887364
0,0.017488174
0,0.11273882
0,0.16524287
0,0.022669718
0,0.014941538
0,0.015452235
0,0.0037732394
0,0.01567006
0,0.0070329066
0,0.08083028
0,0.0029810325
0,0.0033172145
0,0.0017065449
1,0.110839844
0,0.0041797603
1,0.6621094
1,0.059196874
0,0.0030171608
0,0.0019664501
0,0.002781328
0,0.0016495513
0,0.013461128
0,0.023910888
0,0.01933672
0,0.0039328476
0,0.0897882
0,0.013176065
0,0.017014848
0,0.2088878
0,0.0065934067
0,0.007751938
0,0.0016600224
0,0.0054887002
0,0.018066406
0,0.026114563
0,0.08886719
0,0.039179787
0,0.00952381
0,0.02300885
0,0.04733421
0,0.04693317
0,0.13563667
0,0.020667339
0,0.011379334
0,0.06830251
0,0.003311511
0,0.0025022887
0,0.0037390308
0,0.029178366
0,0.1640625
0,0.022565339
0,0.0075135203
0,0.0011956453
0,0.11257551
0,0.04954845
0,0.34814453
0,0.008141869
0,0.13916016
1,0.24569754
0,0.009871382
0,0.0020330707
0,0.026796069
0,0.051012937
0,0.015294486
1,0.04006836
0,0.043202344
0,0.05896716
0,0.24404834
0,0.035038456
0,0.007418879
0,0.0044401046
0,0.022047268
0,0.009538926
0,0.015594958
0,0.0027680115
1,0.23153912
0,0.026781218
0,0.029785156
0,0.006287005
0,0.06143751
0,0.011973352
0,0.040273372
0,0.03323263
0,0.040439494
0,0.010885568
0,0.014445419
0,0.00182747
0,0.010261457
0,0.013491239
0,0.052332856
0,0.052792188
0,0.0040962035
0,0.049287394
0,0.0073242188
0,0.014903971
0,0.059398085
0,0.042684972
0,0.0234375
0,0.012770632
0,0.019396584
0,0.0024356982
0,0.05457209
0,0.011748909
0,0.014723608
0,0.13661335
0,0.011861989
0,0.0038796507
0,0.026753303
0,0.03317362
0,0.010515712
0,0.041015625
0,0.013041687
0,0.02158888
1,0.2999756
1,0.6147461
0,0.056985967
0,0.41845703
0,0.058047976
0,0.055921856
0,0.0039822403
0,0.13828878
0,0.018584639
0,0.009659845
0,0.0026576614
0,0.0019093398
0,0.00235653
0,0.026885167
0,0.21621291
0,0.7732324
0,0.008066177
0,0.00856214
1,0.5023188
1,0.071550675
0,0.03475634
0,0.004738541
0,0.013198651
0,0.0049283635
1,0.068359375
1,0.08105469
0,0.0914195
0,0.0026240312
0,0.03539175
0,0.00542421
0,0.1018366
0,0.077261075
0,0.023780106
0,0.0025593592
0,0.09678994
0,0.09266268
0,0.082783885
0,0.017841607
0,0.018051423
0,0.020567592
0,0.021618735
0,0.029016018
0,0.003112223
1,0.86708164
0,0.21172161
0,0.0018788782
0,0.00668058
0,0.0695631
0,0.115018316
0,0.11729525
0,0.0018550787
0,0.047136713
0,0.018644534
0,0.01073464
0,0.007263627
0,0.0043565505
1,0.07519531
1,0.19970703
1,0.87939453
1,0.040869273
0,0.016511522
0,0.046212073
0,0.08973263
0,0.06485266
0,0.02006439
0,0.0057721436
0,0.0025289224
0,0.15879409
0,0.009284902
0,0.00665784
1,0.08544922
0,0.009705182
0,0.019905126
0,0.07128906
0,0.012921236
0,0.013138419
0,0.010545915
0,0.029962776
0,0.0024946788
0,0.022550426
0,0.017653072
0,0.056037113
0,0.0037124227
0,0.07542104
0,0.025241889
0,0.002029264
0,0.01580521
0,0.0035624108
0,0.0034445797
0,0.037715122
0,0.06347656
0,0.0062604677
0,0.0809986
1,0.9423253
1,0.86073476
0,0.023243746
1,0.03346859
1,0.021733822
0,0.008978085
0,0.015527358
0,0.099121094
1,0.36246035
1,0.030983852
0,0.07395656
0,0.0343565
0,0.00568869
0,0.048426963
0,0.083287574
0,0.12663329
0,0.004920772
1,0.7996095
0,0.18701172
0,0.0031578466
0,0.009201752
0,0.005969341
0,0.036709286
0,0.033203125
0,0.034002807
0,0.09678994
0,0.10682456
0,0.012529569
0,0.05922579
0,0.049949653
0,0.06232649
0,0.41880342
0,0.11827169
0,0.11512636
0,0.0058024866
0,0.2109375
1,0.016586557
1,0.7241211
0,0.013198651
0,0.0095540425
0,0.03693303
0,0.118979305
0,0.038350064
1,0.18310547
1,0.13319497
0,0.014009706
0,0.011567927
0,0.27490234
0,0.08637002
1,0.28271484
0,0.0026785918
0,0.082783885
0,0.0076156463
1,0.2055664
1,0.7651367
0,0.0387985
0,0.14432235
0,0.002219561
1,0.20458984
1,0.49316406
1,0.6201172
0,0.034032293
0,0.027358592
0,0.092551894
0,0.07151575
0,0.012408993
1,0.30126953
1,0.032344684
1,0.7993164
0,0.03305558
1,0.3487918
0,0.0028840431
0,0.17675781
0,0.01413007
0,0.048799098
0,0.0065712444
0,0.011132391
0,0.071402416
0,0.22842143
0,0.0665202
0,0.024577783
0,0.003435076
1,0.18389262
1,0.81689453
0,0.008001708
0,0.007994141
0,0.03958009
0,0.052560892
1,0.88953984
1,0.059857756
1,0.37695312
0,0.14334555
0,0.065372646
0,0.2403271
0,0.12586986
0,0.10020749
0,0.026885167
0,0.021364912
0,0.0033894554
0,0.004198748
0,0.012297458
0,0.04190447
0,0.025982942
0,0.0064651472
0,0.013686925
0,0.003062793
0,0.017458186
0,0.008577271
0,0.0032224727
0,0.036162227
1,0.12548828
0,0.06629227
0,0.004787902
0,0.0064803055
0,0.022829935
0,0.029148735
0,0.0044628894
0,0.0106440615
0,0.0034920955
0,0.20947266
1,0.9174245
0,0.03173828
0,0.14491515
0,0.02653058
0,0.07915777
0,0.15468197
0,0.023735432
0,0.034268104
1,0.8125992
0,0.013161006
0,0.017668061
1,0.16483517
1,0.73779297
0,0.02067219
0,0.0037884424
0,0.0020768452
0,0.15293543
0,0.0028421988
0,0.0049852957
0,0.04046878
0,0.030303031
0,0.048456
0,0.0063855597
0,0.031220436
0,0.02358649
0,0.050206013
0,0.032685325
0,0.22246642
0,0.017164828
0,0.021853253
0,0.051356383
0,0.024783298
0,0.6381836
0,0.025316263
0,0.0076913685
0,0.0028193733
0,0.038857177
0,0.028409265
0,0.004229128
0,0.0042729825
0,0.00405442
0,0.003921449
0,0.038515534
0,0.017533151
1,0.03349808
0,0.018126335
0,0.011628262
0,0.0061133974
0,0.03142735
0,0.0024090593
0,0.013844921
0,0.009954461
0,0.0656578
0,0.08317569
0,0.017757978
1,0.18310547
1,0.91178805
0,0.014663473
0,0.0072068153
0,0.07654743
0,0.033321127
0,0.296875
0,0.13085938
0,0.09515962
0,0.008107634
0,0.015474773
0,0.013649299
0,0.012222104
1,0.1303711
1,0.42564103
1,0.43199024
0,0.17773438
0,0.03836879
0,0.0039252485
0,0.022117747
0,0.031309124
0,0.02589377
0,0.21572457
0,0.011854451
0,0.091796875
0,0.062126204
0,0.02067219
0,0.037792295
0,0.25146484
0,0.026632683
0,0.053508744
0,0.11073129
0,0.1665039
0,0.012770632
0,0.0031917186
0,0.03463851
0,0.23212107
0,0.0029315893
0,0.06852993
0,0.0068359375
1,0.11512636
1,0.16796875
1,0.04029304
1,0.2709961
0,0.0023120064
0,0.060977843
0,0.0025993048
0,0.0088495575
0,0.019501328
0,0.14658855
1,0.87917453
0,0.19550891
0,0.014550699
0,0.04908425
0,0.014761189
0,0.03102822
0,0.008054675
0,0.014505582
0,0.0046777823
0,0.009405823
0,0.043945312
0,0.0029753277
0,0.027137518
0,0.00872856
0,0.090121426
0,0.07605909
0,0.009126148
0,0.032049324
0,0.007888192
0,0.047020413
0,0.026870318
0,0.008622663
0,0.01953125
0,0.072753906
0,0.032567225
0,0.067871094
0,0.038632896
0,0.07557075
0,0.003797944
0,0.012889883
0,0.058277622
0,0.10812626
0,0.009886488
1,0.05107084
0,0.005219302
0,0.050979912
0,0.020731948
0,0.13692947
0,0.025524449
0,0.19004028
0,0.07243547
0,0.032492295
0,0.07292366
0,0.045410156
0,0.038027223
0,0.29248047
0,0.040498063
0,0.0044742813
0,0.0046436028
0,0.013176065
0,0.034726884
0,0.011477412
0,0.09093128
0,0.069222316
0,0.09038755
0,0.005677309
0,0.0031977636
0,0.4056166
0,0.0061285584
0,0.0019740644
0,0.26367188
0,0.06411039
0,0.0050839637
0,0.0853934
0,0.115018316
0,0.029622281
0,0.06267163
0,0.043602966
0,0.015422183
0,0.028097862
1,0.43603516
1,0.18086405
0,0.0014448456
1,0.13595314
1,0.24169922
1,0.7006836
1,0.16719551
1,0.049688682
0,0.0030894098
0,0.029725935
0,0.034461707
0,0.0038796507
0,0.006014837
0,0.06999451
0,0.012778164
0,0.0024223789
0,0.023866203
0,0.0043831374
0,0.004168367
0,0.009360482
0,0.16259766
0,0.0033970592
0,0.06862027
1,0.8106458
0,0.013829877
1,0.020786911
0,0.006271841
0,0.004841054
0,0.0152719505
0,0.67578125
0,0.054343514
0,0.17919922
0,0.16963632
0,0.013897576
0,0.077693015
0,0.071834
0,0.3359375
0,0.14111328
0,0.010802563
0,0.006196779
0,0.041845985
0,0.08409618
0,0.05376869
0,0.05471635
1,0.091364056
0,0.06568987
0,0.079477474
0,0.0019740644
0,0.005779729
0,0.002168188
0,0.029400546
0,0.6611328
0,0.005068785
0,0.003269682
0,0.0031407382
1,0.9233962
0,0.07318562
0,0.3173828
0,0.055233445
0,0.002710937
0,0.001979775
0,0.012357733
0,0.047793444
0,0.012913708
0,0.36117217
0,0.027106227
0,0.011507586
0,0.002291855
0,0.025819447
0,0.026486024
0,0.07324219
0,0.015489798
0,0.01800647
0,0.040527344
0,0.13731234
0,0.0020102304
0,0.0063855597
0,0.0087890625
0,0.097057745
0,0.008315913
0,0.008940286
0,0.012027793
0,0.00463754
0,0.015301997
1,0.8276367
0,0.017901564
0,0.0079563055
0,0.2833781
0,0.19667928
0,0.0023146824
0,0.0059465915
0,0.17598243
0,0.22568046
0,0.017428197
0,0.027195312
0,0.019147735
0,0.032967035
0,0.091796875
0,0.027210157
0,0.05859375
0,0.022386352
0,0.111273885
0,0.010163284
0,0.023690755
1,0.2536002
1,0.8095703
1,0.90722656
0,0.0048448504
0,0.0047461353
0,0.009818506
0,0.012740506
0,0.010817656
0,0.034209162
0,0.05862248
0,0.023169205
0,0.008092503
0,0.009046115
1,0.45618746
0,0.095325276
0,0.0133492
0,0.50915307
0,0.20019531
0,0.08436088
0,0.035897437
0,0.03882784
0,0.026203739
0,0.00559384
0,0.006275632
1,0.03346859
0,0.033943836
0,0.026723612
0,0.007842778
0,0.0070707765
0,0.00952381
0,0.004421116
0,0.014182719
0,0.0041759624
0,0.011049386
0,0.02287467
0,0.05124058
0,0.0048714243
0,0.002891651
0,0.111273885
0,0.4989011
0,0.009201752
0,0.014926512
0,0.034550115
0,0.04997864
0,0.013641774
0,0.012357733
0,0.007657295
0,0.009629618
0,0.08116685
0,0.037315026
0,0.0023633898
0,0.013739596
0,0.014152635
0,0.04046878
0,0.021249982
0,0.031575095
0,0.031205652
0,0.074275255
0,0.014708575
0,0.010817656
0,0.0017570133
0,0.014370207
0,0.032137953
0,0.011831837
0,0.12011719
0,0.04704949
0,0.011275729
0,0.0075209774
0,0.05043786
0,0.026900014
0,0.0040468224
1,0.6583639
0,0.08441678
0,0.021957733
0,0.009224431
0,0.005995881
0,0.118652344
0,0.10617254
0,0.02984437
0,0.034061775
0,0.015940327
0,0.011854451
0,0.044688646
0,0.074912995
0,0.14041515
0,0.007589141
0,0.016143307
0,0.005340739
1,0.14962168
0,0.090165436
0,0.024756327
0,0.74560547
1,0.06792799
0,0.008486477
0,0.00542421
0,0.11349768
0,0.025583914
0,0.024116246
0,0.2680664
0,0.086049065
0,0.030436175
0,0.06468148
0,0.002847905
0,0.034002807
0,0.022002503
0,0.048828125
0,0.015895292
0,0.029267251
0,0.034385964
0,0.0035548096
0,0.0023405533
0,0.030303031
0,0.014250404
0,0.05836386
0,0.0040240297
0,0.019321755
0,0.006506218
0,0.008149437
0,0.009667402
0,0.0080319755
1,0.35351562
1,0.40576172
0,0.03785104
0,0.0032525691
0,0.018614586
0,0.048828125
1,0.83711845
1,0.34228516
0,0.0034198696
0,0.0055076666
0,0.0022606177
0,0.035556234
0,0.53919417
1,0.020567592
0,0.033026066
0,0.0044552945
0,0.28285295
0,0.015857995
0,0.009727849
0,0.013476184
0,0.054256942
0,0.017134836
0,0.008421823
0,0.004799292
0,0.08267187
0,0.0023062967
0,0.18192919
0,0.0014896024
0,0.024637306
0,0.028010009
0,0.013852444
0,0.13720703
0,0.0015998778
0,0.050491482
0,0.1836934
0,0.009420937
0,0.06315982
0,0.015369588
0,0.008720997
1,0.910589
1,0.95421803
0,0.05575051
0,0.2680664
0,0.014926512
0,0.1749054
0,0.0022214637
0,0.048508715
0,0.0051851426
0,0.042392798
1,0.2211914
1,0.121308275
0,0.012898649
0,0.0027337677
0,0.003414167
0,0.022844847
0,0.083496094
0,0.05299448
0,0.06749664
0,0.021484375
0,0.003826448
0,0.009795844
0,0.008285649
0,0.007740582
